Image_url,neckline,silhouette,waistline,sleeves
https://cdn.shopify.com/s/files/1/1109/3312/files/DD1238_PLATINUM_2.jpg?v=1752170580,Halter Neck,Ball gown,Cinched,Long
https://cdn.shopify.com/s/files/1/1109/3312/files/randm-richards-8764-mother-of-the-bride-formal-pants-suit-4.jpg?v=1742954203,Halter Neck,Pantsuit,Asymmetrical,Raglan
https://cdn.shopify.com/s/files/1/1109/3312/files/dylan-and-davids-long-sleeve-sequin-formal-beaded-dress-the-dress-outlet-12_d05f5465-76d2-4608-ac03-a8268725b85c.jpg?v=1752249843,Halter Neck,Jumpsuit,Cinched,3/4 Sleeves
https://cdn.shopify.com/s/files/1/1109/3312/files/randm-richards-358260-plus-size-long-mother-of-the-bride-dress-17.jpg?v=1742949333,Off-shoulder,Fit-and-flare,Asymmetrical,3/4 Sleeves
https://cdn.shopify.com/s/files/1/1109/3312/files/randm-richards-1993w-plus-size-mother-of-the-bride-pant-suit-47.jpg?v=1740420605,Halter Neck,Pantsuit,Asymmetrical,3/4 Sleeves
https://cdn.shopify.com/s/files/1/1109/3312/files/DD1249_Navy_68e04852-fa21-45db-ba14-66d52b19cebc.jpg?v=1752251933,Halter Neck,Ball gown,Asymmetrical,3/4 Sleeves
https://cdn.shopify.com/s/files/1/1109/3312/files/DD1349_1.jpg?v=1733953581,Off-shoulder,Ball gown,Asymmetrical,3/4 Sleeves
https://cdn.shopify.com/s/files/1/1109/3312/files/DD1286_Violet_2.jpg?v=1745232970,Halter Neck,Ball gown,Cinched,Long
https://cdn.shopify.com/s/files/1/1109/3312/files/randm-richards-mother-of-the-bride-pant-suit-made-in-usa-1993-the-dress-outlet-36_c2b7da68-8e79-4d59-be64-969d04b6f9cc.jpg?v=1743364936,Halter Neck,Pantsuit,Asymmetrical,3/4 Sleeves
https://cdn.shopify.com/s/files/1/1109/3312/files/DD1280-_28212_29_e08be7c8-7659-4103-b7f5-50ff4c338264.jpg?v=1742948768,Off-shoulder,Ball gown,Cinched,3/4 Sleeves
https://cdn.shopify.com/s/files/1/1109/3312/files/DD1240-_28183_29_0211b135-4ee7-45c1-a86f-54186c60a4f1.jpg?v=1742865895,Halter Neck,Ball gown,Cinched,3/4 Sleeves
https://cdn.shopify.com/s/files/1/1109/3312/products/dylan-and-davids-long-off-shoulder-glitter-prom-dress-the-dress-outlet-6.jpg?v=1743538097,Off-shoulder,Ball gown,Cinched,3/4 Sleeves
https://cdn.shopify.com/s/files/1/1109/3312/files/randm-richards-8764w-plus-size-formal-pants-suit-21.webp?v=1742996827,Halter Neck,Pantsuit,Asymmetrical,3/4 Sleeves
https://cdn.shopify.com/s/files/1/1109/3312/files/DD1319-57D_7453d241-e2b4-4ce6-81d4-bfa52e5a2425.jpg?v=1743478105,Halter Neck,Ball gown,Low-waist,Sleeveless
https://cdn.shopify.com/s/files/1/1109/3312/files/J810_smokyblue.jpg?v=1740011125,Off-shoulder,Ball gown,Low-waist,Sleeveless
https://cdn.shopify.com/s/files/1/1109/3312/files/dd1230-black-1.jpg?v=1743346738,Off-shoulder,Ball gown,Asymmetrical,3/4 Sleeves
https://cdn.shopify.com/s/files/1/1109/3312/files/DD8919_Royal_New_5_22efa447-c482-4166-b405-a93313c57b30.jpg?v=1742951503,Halter Neck,Ball gown,Cinched,3/4 Sleeves
https://cdn.shopify.com/s/files/1/1109/3312/files/Photoshoot_4-18-24_67_0f49a7d3-5595-4d1c-9c23-5abab45199a5.jpg?v=1743047099,Off-shoulder,Ball gown,Low-waist,Long
https://cdn.shopify.com/s/files/1/1109/3312/files/randm-richards-058260-long-formal-jacket-dress-8.jpg?v=1742865086,Off-shoulder,Ball gown,Asymmetrical,Kimono
https://cdn.shopify.com/s/files/1/1109/3312/files/randm-richards-7300-long-mother-of-bride-formal-jacket-dress-8.jpg?v=1742907346,Off-shoulder,Ball gown,Asymmetrical,3/4 Sleeves
https://cdn.shopify.com/s/files/1/1109/3312/files/DD1282-_28288_29_e3cf5008-645f-4ce9-97f9-b5339b6f9602.jpg?v=1742959536,Halter Neck,Ball gown,Low-waist,3/4 Sleeves
https://cdn.shopify.com/s/files/1/1109/3312/files/cd0186_silver_1.jpg?v=1743545172,Off-shoulder,Ball gown,High Waist,Long
https://cdn.shopify.com/s/files/1/1109/3312/files/randm-richards-7300w-long-mother-of-bride-plus-size-jacket-dress-4.jpg?v=1742865581,Off-shoulder,Ball gown,Cinched,3/4 Sleeves
https://cdn.shopify.com/s/files/1/1109/3312/files/DD1318-0972_293844fe-a5d1-4f25-a4f7-ad1624ee38b0.jpg?v=1726215032,Off-shoulder,Ball gown,Asymmetrical,Long
https://cdn.shopify.com/s/files/1/1109/3312/files/DD1263_Frenchblue_2_7b45bf6d-061c-4b79-92d5-ffba4b1ed351.jpg?v=1745330574,Halter Neck,Ball gown,Low-waist,Sleeveless
https://cdn.shopify.com/s/files/1/1109/3312/files/DD1320-_28280_29_e384c944-23f1-4545-88e2-8e132a430044.jpg?v=1742958028,Halter Neck,Ball gown,Low-waist,Long
https://cdn.shopify.com/s/files/1/1109/3312/files/DD1277_RED_2_89d7246d-17e6-4529-a08c-9abe772f3b42.jpg?v=1742960515,Off-shoulder,Ball gown,High Waist,3/4 Sleeves
https://cdn.shopify.com/s/files/1/1109/3312/files/DD1298-_28188_29_fb11cc83-befb-40c9-a3ae-ce284bf6575c.jpg?v=1742958216,Off-shoulder,Ball gown,Cinched,3/4 Sleeves
https://cdn.shopify.com/s/files/1/1109/3312/files/randm-richards-8442w-short-mother-of-the-bride-plus-size-dress-5.jpg?v=1747430046,Round Neck,Fit-and-flare,Asymmetrical,3/4 Sleeves
https://cdn.shopify.com/s/files/1/1109/3312/files/randm-richards-5008w-plus-size-pant-suit-24.jpg?v=1740421051,Halter Neck,Fit-and-flare,Cinched,3/4 Sleeves
https://cdn.shopify.com/s/files/1/1109/3312/files/DD1232_2489.jpg?v=1742502352,Halter Neck,Ball gown,Cinched,Long
https://cdn.shopify.com/s/files/1/1109/3312/files/DD1264_SHORTLACE_BLACK_3_5c1477e6-8ad4-4c23-835a-0da597b13987.jpg?v=1743081482,Halter Neck,Ball gown,Cinched,Long
https://cdn.shopify.com/s/files/1/1109/3312/files/DD1343-5322_552b5129-19ed-4e1e-b58e-0ac851a8c64e.jpg?v=1752170414,Off-shoulder,Ball gown,Cinched,Long
https://cdn.shopify.com/s/files/1/1109/3312/files/DD1281-_28310_29_e04d01c1-5918-4b7b-9de7-717ed75cca55.jpg?v=1743081758,Halter Neck,Ball gown,Cinched,Sleeveless
https://cdn.shopify.com/s/files/1/1109/3312/files/DD1340-_28243_29_30f44a84-e6ec-4380-a249-afdd4082eb4b.jpg?v=1742998436,Halter Neck,Ball gown,Low-waist,3/4 Sleeves
https://cdn.shopify.com/s/files/1/1109/3312/files/DD1245_Black_2.jpg?v=1717839232,Off-shoulder,Ball gown,Asymmetrical,3/4 Sleeves
https://cdn.shopify.com/s/files/1/1109/3312/files/randm-richards-7772w-mother-of-the-bride-formal-plus-size-pant-suit-4.jpg?v=1740421344,Off-shoulder,Fit-and-flare,Cinched,Raglan
https://cdn.shopify.com/s/files/1/1109/3312/files/DD1346_163-1.jpg?v=1717595415,Off-shoulder,Ball gown,Cinched,3/4 Sleeves
https://cdn.shopify.com/s/files/1/1109/3312/files/DD1236_Navy_5.jpg?v=1742509972,Halter Neck,Ball gown,Cinched,Short
https://cdn.shopify.com/s/files/1/1109/3312/files/DD1310_8-colorchanged_9b935694-c03e-43bb-a040-a509063fbd85.jpg?v=1743052309,Halter Neck,Ball gown,High Waist,3/4 Sleeves
https://cdn.shopify.com/s/files/1/1109/3312/files/DD1354-5462_99d94c43-5a42-4ef1-b98a-a5b46ef0abcb.jpg?v=1742756067,Halter Neck,Ball gown,Cinched,Long
https://cdn.shopify.com/s/files/1/1109/3312/files/DD1295-_28197_29.jpg?v=1742509361,Off-shoulder,Pantsuit,High Waist,3/4 Sleeves
https://cdn.shopify.com/s/files/1/1109/3312/products/DD1269_SHORTSEQUIN_Charcoal_6.jpg?v=1742502014,Halter Neck,Ball gown,Cinched,Sleeveless
https://cdn.shopify.com/s/files/1/1109/3312/files/DD1345.jpg?v=1717594279,Off-shoulder,Ball gown,Cinched,3/4 Sleeves
https://cdn.shopify.com/s/files/1/1109/3312/products/DD1239_LONGSLEEVEMOB_BLACK_6.jpg?v=1743090675,Off-shoulder,Ball gown,Cinched,3/4 Sleeves
https://cdn.shopify.com/s/files/1/1109/3312/files/randm-richards-1367w-long-plus-size-formal-evening-dress-16.jpg?v=1743049808,Off-shoulder,Ball gown,Low-waist,3/4 Sleeves
https://cdn.shopify.com/s/files/1/1109/3312/files/DD1352-2280.jpg?v=1742507750,Halter Neck,Ball gown,Cinched,Long
https://cdn.shopify.com/s/files/1/1109/3312/files/DD1243_Charcoal_2_72e2fa87-478e-4b38-979d-383726898e45.jpg?v=1743081356,Off-shoulder,Ball gown,Cinched,3/4 Sleeves
https://cdn.shopify.com/s/files/1/1109/3312/files/DD1322-_28316_29_69813a8f-46b9-4f53-878a-ea502c4d3bf3.jpg?v=1743046283,Off-shoulder,Ball gown,Low-waist,3/4 Sleeves
https://cdn.shopify.com/s/files/1/1109/3312/files/randm-richards-2208w-short-lace-mother-of-the-bride-dress-36.webp?v=1692210225,Halter Neck,Fit-and-flare,Asymmetrical,3/4 Sleeves
https://cdn.shopify.com/s/files/1/1109/3312/files/DD351_darker_7feb504c-e9c5-4642-a798-e496121e3bc7.jpg?v=1743048413,Halter Neck,Ball gown,Cinched,3/4 Sleeves
https://cdn.shopify.com/s/files/1/1109/3312/files/b8402_blush.jpg?v=1740010589,Off-shoulder,Ball gown,Cinched,Sleeveless
https://cdn.shopify.com/s/files/1/1109/3312/files/cd803_dusty-blue_front.jpg?v=1742863752,Off-shoulder,Ball gown,Low-waist,Sleeveless
https://cdn.shopify.com/s/files/1/1109/3312/files/DD1484_Royal_New_5_4a686021-ac99-45bb-8eeb-51a90efc5e55.jpg?v=1745271846,Halter Neck,Ball gown,Cinched,3/4 Sleeves
https://cdn.shopify.com/s/files/1/1109/3312/files/cd791_dusty-rose_front.jpg?v=1742857437,Halter Neck,Ball gown,Cinched,Sleeveless
https://cdn.shopify.com/s/files/1/1109/3312/files/cd327_emerald_1.jpg?v=1742996468,Halter Neck,Jumpsuit,Low-waist,Sleeveless
https://cdn.shopify.com/s/files/1/1109/3312/files/DD1256_Burgundy_3_deb0eae9-b4de-4052-8d4d-6d3543753a38.jpg?v=1743219749,Halter Neck,Ball gown,Cinched,Sleeveless
https://cdn.shopify.com/s/files/1/1109/3312/files/DD1337_209.jpg?v=1742507501,Off-shoulder,Ball gown,Cinched,3/4 Sleeves
https://cdn.shopify.com/s/files/1/1109/3312/files/nox-anabel-long-white-wedding-dress-1.jpg?v=1689871562,Boat Neck,Ball gown,Low-waist,Sleeveless
https://cdn.shopify.com/s/files/1/1109/3312/files/DD1348_Navy_2_84a7c127-70d5-45cd-a937-ce423ea10748.jpg?v=1742996117,Halter Neck,Jumpsuit,Low-waist,Sleeveless
https://cdn.shopify.com/s/files/1/1109/3312/files/randm-richards-8442-short-mother-of-the-bride-formal-dress-18.jpg?v=1742866306,Off-shoulder,Fit-and-flare,Asymmetrical,3/4 Sleeves
https://cdn.shopify.com/s/files/1/1109/3312/files/DD1341-57.jpg?v=1713577860,Halter Neck,Ball gown,Asymmetrical,Long
https://cdn.shopify.com/s/files/1/1109/3312/files/DD1351-_28312_29_45e1434f-5806-4890-b7a7-6c402328919c.jpg?v=1743051999,Off-shoulder,Ball gown,Cinched,3/4 Sleeves
https://cdn.shopify.com/s/files/1/1109/3312/files/DD1294-_28328_29_9ff14103-4b38-4e68-843a-2f18c28cc3ca.jpg?v=1743045776,Halter Neck,Ball gown,Cinched,3/4 Sleeves
https://cdn.shopify.com/s/files/1/1109/3312/files/DD1336_Black_2_7a86dda6-b814-4c42-86f9-67cd790aadde.jpg?v=1743052630,Halter Neck,Ball gown,Low-waist,Long
https://cdn.shopify.com/s/files/1/1109/3312/files/DD1245_BLACK_1_0b3bbba3-7022-4dd6-9687-1ae26b912355.jpg?v=1742954520,Off-shoulder,Ball gown,Asymmetrical,3/4 Sleeves
https://cdn.shopify.com/s/files/1/1109/3312/files/dylan-and-davids-short-sleeve-mother-of-the-bride-formal-dress-the-dress-outlet-8_c0852f09-10cf-44f7-bab7-4b3c16c5e1cf.jpg?v=1743148490,Off-shoulder,Ball gown,Cinched,3/4 Sleeves
https://cdn.shopify.com/s/files/1/1109/3312/files/DD1355-5990_ec28c110-76e9-4f3e-8ef2-9d6d894e2c6c.jpg?v=1742955425,Halter Neck,Ball gown,Low-waist,Sleeveless
https://cdn.shopify.com/s/files/1/1109/3312/files/b8422_emerald.jpg?v=1742998247,Halter Neck,Ball gown,High Waist,3/4 Sleeves
https://cdn.shopify.com/s/files/1/1109/3312/products/long-mother-of-the-bride-lace-chiffon-jacket-dress-the-dress-outlet-12.jpg?v=1742905953,Halter Neck,Ball gown,Asymmetrical,3/4 Sleeves
https://cdn.shopify.com/s/files/1/1109/3312/files/ch079c_burgundy.jpg?v=1742998076,Off-shoulder,Ball gown,Cinched,Sleeveless
https://cdn.shopify.com/s/files/1/1109/3312/files/DD1332-20.jpg?v=1742505842,Halter Neck,Ball gown,Cinched,Long
https://cdn.shopify.com/s/files/1/1109/3312/files/DD1300-50_10cc7dd4-37c3-48d0-8b3b-1e9358b1acda.jpg?v=1726231013,Halter Neck,Ball gown,Cinched,Sleeveless
https://cdn.shopify.com/s/files/1/1109/3312/files/DD1331_Gold_2.jpg?v=1742503247,Halter Neck,Ball gown,Low-waist,Sleeveless
https://cdn.shopify.com/s/files/1/1109/3312/files/DD1339-2442_42f2faf3-399b-48ab-b2f7-735ae8e96cbb.jpg?v=1743203795,Halter Neck,Ball gown,Cinched,Long
https://cdn.shopify.com/s/files/1/1109/3312/files/cd337_smokyblue_1.jpg?v=1742865348,Off-shoulder,Ball gown,Low-waist,Sleeveless
https://cdn.shopify.com/s/files/1/1109/3312/files/randm-richards-2208-short-mother-of-the-bride-dress-33.jpg?v=1743042411,Round Neck,Fit-and-flare,Asymmetrical,3/4 Sleeves
https://cdn.shopify.com/s/files/1/1109/3312/files/DD1247_Black_new_2_7d328d42-cceb-46d7-8183-bd8129954b9e.jpg?v=1743208971,Off-shoulder,Ball gown,Asymmetrical,3/4 Sleeves
https://cdn.shopify.com/s/files/1/1109/3312/files/DD1367-2525835.jpg?v=1742509753,Halter Neck,Ball gown,Low-waist,Sleeveless
https://cdn.shopify.com/s/files/1/1109/3312/files/randm-richards-1149w-short-plus-size-dress-8.jpg?v=1742859812,Halter Neck,A-Line,Cinched,3/4 Sleeves
https://cdn.shopify.com/s/files/1/1109/3312/products/RM2587_PANTSUIT_METALLIC_3.jpg?v=1743091966,Halter Neck,Pantsuit,Asymmetrical,Raglan
https://cdn.shopify.com/s/files/1/1109/3312/files/DD1329-32.jpg?v=1750889509,Halter Neck,Jumpsuit,Low-waist,Long
https://cdn.shopify.com/s/files/1/1109/3312/files/DD336-286.jpg?v=1704114083,Halter Neck,Ball gown,Cinched,Raglan
https://cdn.shopify.com/s/files/1/1109/3312/products/T1139_ATLANTIC_20BLUE_20_282_29.jpg?v=1743131472,Halter Neck,Ball gown,Cinched,Sleeveless
https://cdn.shopify.com/s/files/1/1109/3312/files/cc6018_silvernude.jpg?v=1742861858,Halter Neck,Ball gown,Cinched,Sleeveless
https://cdn.shopify.com/s/files/1/1109/3312/files/DD1338-192.jpg?v=1745410392,Off-shoulder,Ball gown,Asymmetrical,3/4 Sleeves
https://cdn.shopify.com/s/files/1/1109/3312/files/randm-richards-5589-formal-jacket-pant-suit-1.jpg?v=1689854208,Off-shoulder,Pantsuit,Asymmetrical,3/4 Sleeves
https://cdn.shopify.com/s/files/1/1109/3312/files/ch048_emerald.jpg?v=1743044842,Halter Neck,Ball gown,Basque,Long
https://cdn.shopify.com/s/files/1/1109/3312/products/7493c_burgundy.jpg?v=1712246987,Off-shoulder,Ball gown,Cinched,Long
https://cdn.shopify.com/s/files/1/1109/3312/files/ch377_burgundy.jpg?v=1738145277,Halter Neck,Ball gown,Asymmetrical,3/4 Sleeves
https://cdn.shopify.com/s/files/1/1109/3312/files/DD1284-_28222_29_96197eec-91c3-4a24-b067-db8afb74497f.jpg?v=1745447477,Off-shoulder,Ball gown,High Waist,3/4 Sleeves
https://cdn.shopify.com/s/files/1/1109/3312/files/DD1311u.jpg?v=1742508924,Halter Neck,Ball gown,Cinched,Long
https://cdn.shopify.com/s/files/1/1109/3312/files/cd338_greenery.jpg?v=1740010449,Halter Neck,Ball gown,Low-waist,Long
https://cdn.shopify.com/s/files/1/1109/3312/files/7497_7496_mauve.jpg?v=1742756137,Halter Neck,Ball gown,Asymmetrical,3/4 Sleeves
https://cdn.shopify.com/s/files/1/1109/3312/files/DD325.jpg?v=1737949707,Off-shoulder,Ball gown,Cinched,Bishop
https://cdn.shopify.com/s/files/1/1109/3312/files/cd326_sage.jpg?v=1742951929,Off-shoulder,Ball gown,Low-waist,Sleeveless
https://cdn.shopify.com/s/files/1/1109/3312/files/DD349_3.jpg?v=1742503320,Halter Neck,Ball gown,Cinched,3/4 Sleeves
https://cdn.shopify.com/s/files/1/1109/3312/files/DD350_137.jpg?v=1742503368,Off-shoulder,Ball gown,Basque,3/4 Sleeves
https://cdn.shopify.com/s/files/1/1109/3312/products/3277_20MINT.jpg?v=1743084575,Off-shoulder,Fit-and-flare,Asymmetrical,Raglan
https://cdn.shopify.com/s/files/1/1109/3312/files/cd0132_lavender.jpg?v=1742907026,Off-shoulder,Ball gown,Low-waist,3/4 Sleeves
https://cdn.shopify.com/s/files/1/1109/3312/files/DD1316-1886.jpg?v=1742506563,Off-shoulder,Ball gown,Cinched,3/4 Sleeves
https://cdn.shopify.com/s/files/1/1109/3312/files/cd0176_navy.jpg?v=1742865175,Halter Neck,Ball gown,Low-waist,Sleeveless
https://cdn.shopify.com/s/files/1/1109/3312/files/DD1312_REDSEQUIN_3.jpg?v=1743376056,Halter Neck,Ball gown,Cinched,3/4 Sleeves
https://cdn.shopify.com/s/files/1/1109/3312/files/long-formal-sleeveless-mermaid-prom-dress-8.jpg?v=1743046983,Halter Neck,Ball gown,Cinched,Sleeveless
https://cdn.shopify.com/s/files/1/1109/3312/files/cc2308_ltblue.jpg?v=1743042063,Off-shoulder,Ball gown,Cinched,Sleeveless
https://cdn.shopify.com/s/files/1/1109/3312/files/DD1321-_28152_29.jpg?v=1732709587,Halter Neck,Ball gown,Low-waist,Sleeveless
https://cdn.shopify.com/s/files/1/1109/3312/products/marsoni-formal-mother-of-the-bride-pant-suit-m321-the-dress-outlet-4.jpg?v=1736450587,Halter Neck,Pantsuit,High Waist,3/4 Sleeves
https://cdn.shopify.com/s/files/1/1109/3312/products/terani-couture-formal-long-dress-1921m0727-the-dress-outlet-1.jpg?v=1736450645,Halter Neck,Ball gown,Basque,3/4 Sleeves
https://cdn.shopify.com/s/files/1/1109/3312/files/cd848_platinum.jpg?v=1711151293,Off-shoulder,Ball gown,Low-waist,Sleeveless
https://cdn.shopify.com/s/files/1/1109/3312/files/9245_emerald_2_1.jpg?v=1747739517,Off-shoulder,Ball gown,Cinched,Sleeveless
https://cdn.shopify.com/s/files/1/1109/3312/products/DD1260_SILVER_2.jpg?v=1742501809,Off-shoulder,Ball gown,Cinched,3/4 Sleeves
https://cdn.shopify.com/s/files/1/1109/3312/files/DD1313_LILAC_1.jpg?v=1742509298,Halter Neck,Ball gown,Low-waist,Sleeveless
https://cdn.shopify.com/s/files/1/1109/3312/files/DD1347-205.jpg?v=1742503580,Halter Neck,Ball gown,Cinched,Long
https://cdn.shopify.com/s/files/1/1109/3312/files/cd0217_amethyst.jpg?v=1742948276,Off-shoulder,Ball gown,Asymmetrical,Long
https://cdn.shopify.com/s/files/1/1109/3312/files/cd327__cd327c_emerald_4_1.jpg?v=1743032839,Off-shoulder,Ball gown,Low-waist,3/4 Sleeves
https://cdn.shopify.com/s/files/1/1109/3312/files/DD326_4575d691-1134-49c6-bb3e-64562a0cbf51.jpg?v=1743289633,Off-shoulder,Ball gown,Cinched,3/4 Sleeves
https://cdn.shopify.com/s/files/1/1109/3312/files/long-formal-bridesmaids-off-shoulder-prom-dress-4.jpg?v=1742957454,Off-shoulder,Ball gown,Asymmetrical,3/4 Sleeves
https://cdn.shopify.com/s/files/1/1109/3312/products/long-off-shoulder-formal-lace-evening-party-dress-the-dress-outlet-14.jpg?v=1743000111,Off-shoulder,Ball gown,Cinched,3/4 Sleeves
https://cdn.shopify.com/s/files/1/1109/3312/files/cds503_navy.jpg?v=1726812752,Off-shoulder,Ball gown,Asymmetrical,3/4 Sleeves
https://cdn.shopify.com/s/files/1/1109/3312/files/DD1305_1.jpg?v=1742510914,Off-shoulder,Fit-and-flare,Cinched,Sleeveless
https://cdn.shopify.com/s/files/1/1109/3312/files/DD1350_257.jpg?v=1718397308,Halter Neck,Ball gown,Asymmetrical,Long
https://cdn.shopify.com/s/files/1/1109/3312/products/marsoni-long-formal-mother-of-the-bride-dress-286-the-dress-outlet-6.jpg?v=1742952418,Off-shoulder,Ball gown,Cinched,3/4 Sleeves
https://cdn.shopify.com/s/files/1/1109/3312/files/randm-richards-8749w-short-plus-size-mother-of-the-bride-dress-8_423aabdb-f0c0-46e8-85d0-90c3198528ed.jpg?v=1743084321,Off-shoulder,Fit-and-flare,Cinched,3/4 Sleeves
https://cdn.shopify.com/s/files/1/1109/3312/files/cd0194_smokyblue_copy.jpg?v=1742999713,Off-shoulder,Ball gown,Low-waist,3/4 Sleeves
https://cdn.shopify.com/s/files/1/1109/3312/products/3410_20SLATE_203.jpg?v=1689784147,Halter Neck,Jumpsuit,Cinched,3/4 Sleeves
https://cdn.shopify.com/s/files/1/1109/3312/files/3731-BLACK-1-scaled_9c79861c-f6d5-41c2-bf02-f991c03d2f2e.jpg?v=1727186331,Off-shoulder,Ball gown,Low-waist,Long
https://cdn.shopify.com/s/files/1/1109/3312/products/long-formal-off-shoulder-bridesmaid-dress-the-dress-outlet-5.jpg?v=1742997775,Halter Neck,Ball gown,Asymmetrical,Sleeveless
https://cdn.shopify.com/s/files/1/1109/3312/products/marsoni-two-piece-ruffle-long-lace-dress-309-the-dress-outlet-1.jpg?v=1742949541,Halter Neck,Jumpsuit,Asymmetrical,3/4 Sleeves
https://cdn.shopify.com/s/files/1/1109/3312/files/E1042ROSE5.jpg?v=1742855373,Halter Neck,Ball gown,Low-waist,Sleeveless
https://cdn.shopify.com/s/files/1/1109/3312/files/71625-0002.jpg?v=1743090996,Halter Neck,Ball gown,Low-waist,Sleeveless
https://cdn.shopify.com/s/files/1/1109/3312/files/DMV30452-BK..jpg?v=1742510660,Off-shoulder,Fit-and-flare,Cinched,3/4 Sleeves
https://cdn.shopify.com/s/files/1/1109/3312/files/DD1315-142.jpg?v=1743376566,Halter Neck,Ball gown,Cinched,Long
https://cdn.shopify.com/s/files/1/1109/3312/products/RM_FLORAL_4.jpg?v=1743289461,Off-shoulder,Pantsuit,Asymmetrical,Kimono
https://cdn.shopify.com/s/files/1/1109/3312/files/1921m0726_champagne_front_1.jpg?v=1743290748,Off-shoulder,Ball gown,Cinched,3/4 Sleeves
https://cdn.shopify.com/s/files/1/1109/3312/files/DD355-1.jpg?v=1742505610,Halter Neck,Ball gown,Cinched,Sleeveless
https://cdn.shopify.com/s/files/1/1109/3312/products/marsoni-formal-mother-of-the-bride-pant-suit-308-the-dress-outlet-6.jpg?v=1743042591,Halter Neck,Pantsuit,Asymmetrical,3/4 Sleeves
https://cdn.shopify.com/s/files/1/1109/3312/files/5533-Sage-AB.jpg?v=1742855190,Off-shoulder,Ball gown,Basque,3/4 Sleeves
https://cdn.shopify.com/s/files/1/1109/3312/files/0014875_mh137.jpg?v=1738077958,Off-shoulder,Ball gown,Low-waist,3/4 Sleeves
https://www.thedressoutlet.com/cdn/shop/files/PS24050XLimefront_64b475ac-da46-47c6-a32f-c1c477f78640.jpg?format=webp&v=1727164465&width=1946,Halter Neck,Jumpsuit,Low-waist,Sleeveless
https://cdn.shopify.com/s/files/1/1109/3312/files/TE207_TURQUOISE.jpg?v=1738365171,Off-shoulder,Ball gown,Low-waist,3/4 Sleeves
https://cdn.shopify.com/s/files/1/1109/3312/products/72133-0046.jpg?v=1743083170,Halter Neck,Ball gown,Asymmetrical,Raglan
https://cdn.shopify.com/s/files/1/1109/3312/files/cj937_dustylavender.jpg?v=1742999242,Halter Neck,Ball gown,Low-waist,3/4 Sleeves
https://cdn.shopify.com/s/files/1/1109/3312/files/DD1272-138.jpg?v=1742506329,Halter Neck,Jumpsuit,Asymmetrical,Long
https://cdn.shopify.com/s/files/1/1109/3312/files/DD335-165.jpg?v=1712245644,Halter Neck,Ball gown,Cinched,Raglan
https://cdn.shopify.com/s/files/1/1109/3312/files/DD345-1253-Longer.jpg?v=1720734704,Halter Neck,Ball gown,Cinched,Puff
https://cdn.shopify.com/s/files/1/1109/3312/products/jovani-prom-long-sleeveless-feather-dress-03023-the-dress-outlet-3.jpg?v=1703819123,Off-shoulder,Ball gown,Low-waist,Sleeveless
https://cdn.shopify.com/s/files/1/1109/3312/products/marsoni-long-long-sleeve-mother-of-bride-dress-237-the-dress-outlet-8.jpg?v=1742959016,Halter Neck,Ball gown,Cinched,3/4 Sleeves
https://cdn.shopify.com/s/files/1/1109/3312/products/marsoni-long-mother-of-the-bride-formal-dress-m317-the-dress-outlet-1.jpg?v=1743043739,Off-shoulder,Ball gown,Asymmetrical,3/4 Sleeves
https://cdn.shopify.com/s/files/1/1109/3312/products/long-formal-sleeveless-wedding-dress-the-dress-outlet-1.jpg?v=1645618828,Off-shoulder,Ball gown,Asymmetrical,Sleeveless
https://cdn.shopify.com/s/files/1/1109/3312/products/randm-richards-formal-sleeveless-jacket-pant-suit-7258-the-dress-outlet-1.jpg?v=1645640425,Halter Neck,Fit-and-flare,Asymmetrical,Kimono
https://cdn.shopify.com/s/files/1/1109/3312/products/terani-couture-long-mother-of-bride-dress-2011m2159-the-dress-outlet-7.jpg?v=1712246030,Halter Neck,Ball gown,Cinched,Long
https://cdn.shopify.com/s/files/1/1109/3312/files/cd0214c_emerald.jpg?v=1743051784,Off-shoulder,Ball gown,Low-waist,Sleeveless
https://cdn.shopify.com/s/files/1/1109/3312/files/cd355_red.jpg?v=1721475737,Halter Neck,Ball gown,Cinched,3/4 Sleeves
https://cdn.shopify.com/s/files/1/1109/3312/files/7496c_huntergreen.jpg?v=1743080244,Halter Neck,Ball gown,Low-waist,Sleeveless
https://cdn.shopify.com/s/files/1/1109/3312/files/7499_greenery_front.jpg?v=1742909077,Halter Neck,Ball gown,Cinched,Sleeveless
https://cdn.shopify.com/s/files/1/1109/3312/files/DD1314_ROYAL_5.jpg?v=1708992702,Off-shoulder,Ball gown,Cinched,Sleeveless
https://cdn.shopify.com/s/files/1/1109/3312/products/marsoni-formal-mother-of-the-bride-pant-suit-303-the-dress-outlet-1.jpg?v=1645629817,Halter Neck,Pantsuit,Asymmetrical,Short
https://cdn.shopify.com/s/files/1/1109/3312/products/mac-duggal-formal-long-sleeve-evening-sequins-dress-the-dress-outlet-1.jpg?v=1736451078,Off-shoulder,Ball gown,High Waist,Raglan
https://cdn.shopify.com/s/files/1/1109/3312/products/MV1281_20BLACK1568_0141f424-e44d-406f-8751-49d1e81c8212.jpg?v=1743050011,Halter Neck,Ball gown,Cinched,3/4 Sleeves
https://cdn.shopify.com/s/files/1/1109/3312/products/prom-short-strapless-fitted-cocktail-dress-r756-the-dress-outlet-10.jpg?v=1743041490,Halter Neck,Fit-and-flare,Low-waist,Sleeveless
https://cdn.shopify.com/s/files/1/1109/3312/products/short-spaghetti-strap-homecoming-dress-the-dress-outlet-10.jpg?v=1742950455,Halter Neck,Ball gown,Cinched,Sleeveless
https://cdn.shopify.com/s/files/1/1109/3312/products/ps23521_20navy.jpg?v=1702021165,Off-shoulder,Ball gown,Cinched,Long
https://cdn.shopify.com/s/files/1/1109/3312/products/terani-couture-one-shoulder-long-formal-gown-2011m2160-the-dress-outlet-1.jpg?v=1665843141,Halter Neck,Ball gown,Cinched,Long
https://cdn.shopify.com/s/files/1/1109/3312/files/1151METALLICPURPLE1_e90dc07e-9b89-4c13-83c7-f05afe54f2d8.jpg?v=1727924375,Halter Neck,Ball gown,Cinched,Long
https://cdn.shopify.com/s/files/1/1109/3312/files/cds493_royal.jpg?v=1740010460,Halter Neck,Ball gown,Low-waist,Sleeveless
https://cdn.shopify.com/s/files/1/1109/3312/files/DD1342-_168.jpg?v=1746619708,Halter Neck,Pantsuit,Low-waist,Sleeveless
https://cdn.shopify.com/s/files/1/1109/3312/products/3439_PLUM.jpg?v=1743083017,Halter Neck,Ball gown,Low-waist,3/4 Sleeves
https://cdn.shopify.com/s/files/1/1109/3312/products/mac-duggal-formal-one-shoulder-jumpsuit-26716-the-dress-outlet-1.jpg?v=1665816079,Halter Neck,Jumpsuit,High Waist,Long
https://cdn.shopify.com/s/files/1/1109/3312/products/mac-duggal-long-sleeves-pleated-ball-gown-the-dress-outlet-1.jpg?v=1736450443,Off-shoulder,Ball gown,Cinched,3/4 Sleeves
https://cdn.shopify.com/s/files/1/1109/3312/products/93805-Lavender-AB.jpg?v=1742955979,Off-shoulder,Ball gown,Asymmetrical,3/4 Sleeves
https://cdn.shopify.com/s/files/1/1109/3312/products/mac-duggal-short-sleeveless-sequins-dress-10509-the-dress-outlet-1.jpg?v=1742856384,Halter Neck,Ball gown,High Waist,Long
https://cdn.shopify.com/s/files/1/1109/3312/files/MV1266_SEAGLASS_177210.jpg?v=1742957780,Halter Neck,Ball gown,High Waist,Sleeveless
https://cdn.shopify.com/s/files/1/1109/3312/files/70002-03-S.jpg?v=1727006245,Off-shoulder,Ball gown,Cinched,Sleeveless
https://cdn.shopify.com/s/files/1/1109/3312/files/1921m0473_navy_front_1.jpg?v=1736449852,Halter Neck,Ball gown,Low-waist,3/4 Sleeves
https://cdn.shopify.com/s/files/1/1109/3312/files/cd0175_mocha_gold_2.jpg?v=1743088320,Off-shoulder,Ball gown,Asymmetrical,3/4 Sleeves
https://www.thedressoutlet.com/cdn/shop/files/a1053__2_2_38b3a186-8de2-465f-84ab-0b2734bae3e3.jpg?format=webp&v=1727162562&width=1946,Halter Neck,Ball gown,High Waist,Sleeveless
https://cdn.shopify.com/s/files/1/1109/3312/files/DD1363-_28100_29.jpg?v=1732707971,Off-shoulder,Ball gown,Asymmetrical,3/4 Sleeves
https://cdn.shopify.com/s/files/1/1109/3312/files/DD322_351.jpg?v=1704847984,Off-shoulder,Ball gown,Cinched,Puff
https://cdn.shopify.com/s/files/1/1109/3312/products/mac-duggal-prom-long-ruffled-ball-gown-48856-the-dress-outlet-4.jpg?v=1721860989,Off-shoulder,Ball gown,Asymmetrical,Long
https://cdn.shopify.com/s/files/1/1109/3312/files/mac-duggal-long-one-shoulder-metallic-prom-ball-gown-1.jpg?v=1740011159,Off-shoulder,Ball gown,Asymmetrical,Long
https://cdn.shopify.com/s/files/1/1109/3312/files/short-tulle-prom-homecoming-dress-3.jpg?v=1742859007,Off-shoulder,Ball gown,Low-waist,Sleeveless
https://cdn.shopify.com/s/files/1/1109/3312/products/PS22543_silver-1_1024x1024_1f94997c-206b-4f68-9557-fd026a25bb69.jpg?v=1743213076,Off-shoulder,Ball gown,Low-waist,Long
https://cdn.shopify.com/s/files/1/1109/3312/products/bg_img01_2db074c0-e6c0-48b7-8252-a80072b89feb.jpg?v=1689802735,Off-shoulder,Ball gown,Low-waist,Unknown
https://cdn.shopify.com/s/files/1/1109/3312/files/j835_lapic_blue_mauve_1_1.jpg?v=1743046120,Off-shoulder,Ball gown,Low-waist,3/4 Sleeves
https://cdn.shopify.com/s/files/1/1109/3312/products/3243_20bk.jpg?v=1736449523,Off-shoulder,Ball gown,Cinched,3/4 Sleeves
https://cdn.shopify.com/s/files/1/1109/3312/files/DD1288-79.jpg?v=1709132421,Halter Neck,Jumpsuit,Cinched,Sleeveless
https://cdn.shopify.com/s/files/1/1109/3312/files/DD1353_150.jpg?v=1740010375,Halter Neck,Ball gown,Cinched,Sleeveless
https://cdn.shopify.com/s/files/1/1109/3312/products/3456_20COCOA_201.jpg?v=1689798941,Off-shoulder,Ball gown,Cinched,3/4 Sleeves
https://cdn.shopify.com/s/files/1/1109/3312/products/marsoni-long-formal-mother-of-the-bride-dress-165-the-dress-outlet-1.jpg?v=1645629994,Halter Neck,Ball gown,Low-waist,3/4 Sleeves
https://cdn.shopify.com/s/files/1/1109/3312/files/C1119_BLUE14.jpg?v=1742997263,Off-shoulder,Ball gown,Cinched,Long
https://cdn.shopify.com/s/files/1/1109/3312/products/sexy-formal-long-prom-dress-the-dress-outlet-8.jpg?v=1742955087,Halter Neck,Ball gown,Cinched,Long
https://cdn.shopify.com/s/files/1/1109/3312/products/short-spaghetti-straps-formal-cocktail-dress-the-dress-outlet-6.jpg?v=1742950656,Halter Neck,A-Line,Cinched,Sleeveless
https://cdn.shopify.com/s/files/1/1109/3312/files/Glisten-Gown-ROSE-GOLD.jpg.large.jpg?v=1743289713,Halter Neck,Ball gown,High Waist,Sleeveless
https://cdn.shopify.com/s/files/1/1109/3312/files/cd326c_lips.jpg?v=1710944915,Off-shoulder,Ball gown,Cinched,Sleeveless
https://cdn.shopify.com/s/files/1/1109/3312/files/7494_burgundy.jpg?v=1743087052,Off-shoulder,Jumpsuit,Low-waist,Long
https://cdn.shopify.com/s/files/1/1109/3312/files/cd749_black-nude_front.jpg?v=1738144651,Off-shoulder,Ball gown,Asymmetrical,3/4 Sleeves
https://cdn.shopify.com/s/files/1/1109/3312/products/a1107_smokyblue_1.jpg?v=1708630580,Off-shoulder,Ball gown,Low-waist,Sleeveless
https://cdn.shopify.com/s/files/1/1109/3312/files/ch066_black.jpg?v=1736450548,Halter Neck,Ball gown,Low-waist,Long
https://cdn.shopify.com/s/files/1/1109/3312/files/cds487_dustyblue.jpg?v=1743082547,Off-shoulder,Ball gown,Low-waist,Sleeveless
https://cdn.shopify.com/s/files/1/1109/3312/files/DD327-6.jpg?v=1710768388,Halter Neck,Ball gown,Cinched,Sleeveless
https://cdn.shopify.com/s/files/1/1109/3312/files/DD339-181.jpg?v=1740870251,Halter Neck,Ball gown,Cinched,Long
https://cdn.shopify.com/s/files/1/1109/3312/files/DD352_16.jpg?v=1742506182,Halter Neck,Ball gown,High Waist,Long
https://cdn.shopify.com/s/files/1/1109/3312/files/DD354_2.jpg?v=1742508850,Halter Neck,Ball gown,Cinched,Bishop
https://cdn.shopify.com/s/files/1/1109/3312/products/EW35010-orange-a.jpg?v=1743042773,Halter Neck,Ball gown,Cinched,Sleeveless
https://cdn.shopify.com/s/files/1/1109/3312/files/mermaid-style-long-wedding-dress-1.jpg?v=1736450871,Halter Neck,Ball gown,Cinched,Long
https://cdn.shopify.com/s/files/1/1109/3312/files/kiyonna-short-lace-dress-long-sleeve-1.jpg?v=1689846161,Off-shoulder,Ball gown,Cinched,3/4 Sleeves
https://cdn.shopify.com/s/files/1/1109/3312/products/mac-duggal-long-sleeve-beaded-cocktail-dress-5521-the-dress-outlet-1.jpg?v=1645627504,Off-shoulder,Ball gown,High Waist,3/4 Sleeves
https://cdn.shopify.com/s/files/1/1109/3312/products/mac-duggal-long-sleeve-formal-jumpsuit-2647-the-dress-outlet-3.jpg?v=1742957310,Halter Neck,Jumpsuit,Cinched,Kimono
https://cdn.shopify.com/s/files/1/1109/3312/products/MV1259_20DARK_20TAUPE3805.jpg?v=1703198695,Halter Neck,Ball gown,Cinched,3/4 Sleeves
https://cdn.shopify.com/s/files/1/1109/3312/products/rina-di-montella-peplum-style-long-dress-2685-the-dress-outlet-6.jpg?v=1659778084,Halter Neck,Ball gown,Cinched,3/4 Sleeves
https://cdn.shopify.com/s/files/1/1109/3312/files/2111m5289-emerald2_2.jpg?v=1743215549,Halter Neck,Ball gown,Cinched,3/4 Sleeves
https://cdn.shopify.com/s/files/1/1109/3312/files/TE650_DARKFUCHSIA.jpg?v=1740010359,Halter Neck,Ball gown,Low-waist,Long
https://cdn.shopify.com/s/files/1/1109/3312/files/72820-0198.jpg?v=1701610843,Halter Neck,Ball gown,Cinched,3/4 Sleeves
https://cdn.shopify.com/s/files/1/1109/3312/files/cd0232_black.jpg?v=1710938773,Off-shoulder,Ball gown,High Waist,Sleeveless
https://cdn.shopify.com/s/files/1/1109/3312/files/cd820_silver.jpg?v=1743045278,Halter Neck,Ball gown,Low-waist,Sleeveless
https://cdn.shopify.com/s/files/1/1109/3312/files/ma105_sage_front.jpg?v=1743041953,Off-shoulder,Ball gown,Low-waist,3/4 Sleeves
https://cdn.shopify.com/s/files/1/1109/3312/files/ma107_black_front.jpg?v=1735010195,Off-shoulder,Ball gown,Asymmetrical,3/4 Sleeves
https://cdn.shopify.com/s/files/1/1109/3312/files/ma108_dusty-blue_front.jpg?v=1726907350,Off-shoulder,Ball gown,Low-waist,3/4 Sleeves
https://cdn.shopify.com/s/files/1/1109/3312/files/2848-BK.jpg?v=1740011017,Halter Neck,Ball gown,Cinched,Unknown
https://www.thedressoutlet.com/cdn/shop/files/DD1270_BLACKSPARKLE_7.jpg?format=webp&v=1726977022&width=1946,Halter Neck,Ball gown,Low-waist,Sleeveless
https://cdn.shopify.com/s/files/1/1109/3312/files/DD353-_28128_29_2a6694f2-5538-4ffe-8103-40b1c4592cb3.jpg?v=1733921391,Halter Neck,Ball gown,Cinched,Sleeveless
https://cdn.shopify.com/s/files/1/1109/3312/products/formal-lace-scallop-edge-jacket-the-dress-outlet-8.jpg?v=1743041587,Round Neck,A-Line,Asymmetrical,Kimono
https://cdn.shopify.com/s/files/1/1109/3312/products/3419_20FUCHSIA.jpg?v=1743046387,Halter Neck,Fit-and-flare,Cinched,Sleeveless
https://cdn.shopify.com/s/files/1/1109/3312/products/ew34007__-cerise-_f.2000.jpg?v=1740010613,Halter Neck,Ball gown,Cinched,Sleeveless
https://cdn.shopify.com/s/files/1/1109/3312/files/GS2375-mauve.jpg?v=1743046711,Halter Neck,Ball gown,Low-waist,Sleeveless
https://cdn.shopify.com/s/files/1/1109/3312/products/jovani-prom-long-spaghetti-straps-mermaid-gown-3675-the-dress-outlet-8.jpg?v=1743149010,Halter Neck,Ball gown,Cinched,Long
https://cdn.shopify.com/s/files/1/1109/3312/files/10766-Copper-AB.jpg?v=1742995714,Halter Neck,Fit-and-flare,Cinched,Short
https://cdn.shopify.com/s/files/1/1109/3312/products/mac-duggal-long-sleeve-sequins-formal-dress-26445-the-dress-outlet-1.jpg?v=1721861593,Halter Neck,Ball gown,Cinched,Long
https://cdn.shopify.com/s/files/1/1109/3312/products/mac-duggal-prom-long-one-shoulder-formal-gown-26990-the-dress-outlet-6.jpg?v=1742947557,Halter Neck,Ball gown,Cinched,Long
https://cdn.shopify.com/s/files/1/1109/3312/products/mac-duggal-long-mother-of-the-bride-dress-5124-the-dress-outlet-1.jpg?v=1742856440,Off-shoulder,Ball gown,Cinched,Long
https://cdn.shopify.com/s/files/1/1109/3312/files/5509-Sage-AB.jpg?v=1742960442,Off-shoulder,Ball gown,Cinched,3/4 Sleeves
https://cdn.shopify.com/s/files/1/1109/3312/products/mac-duggal-long-sleeve-formal-evening-dress-67859-sale-the-dress-outlet-1_b500f661-bd9e-40a1-a9a9-2ea7876767d9.jpg?v=1736451522,Off-shoulder,Ball gown,Asymmetrical,3/4 Sleeves
https://cdn.shopify.com/s/files/1/1109/3312/products/marsoni-mother-of-the-bride-long-peplum-dress-1037-the-dress-outlet-10.jpg?v=1743045244,Halter Neck,Ball gown,Cinched,3/4 Sleeves
https://cdn.shopify.com/s/files/1/1109/3312/products/MV1273_20PEACOCK.jpg?v=1736449603,Off-shoulder,Ball gown,Asymmetrical,3/4 Sleeves
https://cdn.shopify.com/s/files/1/1109/3312/files/long-lace-wedding-dress-1.jpg?v=1703958950,Halter Neck,Ball gown,Cinched,3/4 Sleeves
https://cdn.shopify.com/s/files/1/1109/3312/products/0010135_e1242.jpg?v=1743039871,Halter Neck,Ball gown,Low-waist,Sleeveless
https://cdn.shopify.com/s/files/1/1109/3312/products/K1121_ROYAL_20BLUE_20_281_29_13f91bf0-a82d-43fc-a2ee-8438dce2e6da.jpg?v=1742997815,Halter Neck,Ball gown,Cinched,Sleeveless
https://cdn.shopify.com/s/files/1/1109/3312/files/PS24816XIVORYGOLD.jpg?v=1743086050,Off-shoulder,Ball gown,Low-waist,Long
https://cdn.shopify.com/s/files/1/1109/3312/files/RD2816-VICTORIAN-LILAC_1-scaled.jpg?v=1743045159,Off-shoulder,Ball gown,Low-waist,3/4 Sleeves
https://cdn.shopify.com/s/files/1/1109/3312/files/alg18371lq_bamboo_front2.jpg?v=1725034042,Halter Neck,Ball gown,Low-waist,3/4 Sleeves
https://cdn.shopify.com/s/files/1/1109/3312/files/bos22037lq_lava_red_front.jpg?v=1724332528,Off-shoulder,Ball gown,Asymmetrical,3/4 Sleeves
https://cdn.shopify.com/s/files/1/1109/3312/files/71908-1036.jpg?v=1722034609,Off-shoulder,Ball gown,Low-waist,3/4 Sleeves
https://cdn.shopify.com/s/files/1/1109/3312/products/72426_0063-scaled.jpg?v=1706364232,Halter Neck,Ball gown,High Waist,Sleeveless
https://cdn.shopify.com/s/files/1/1109/3312/products/72937-0104.jpg?v=1743291037,Off-shoulder,Ball gown,Cinched,3/4 Sleeves
https://cdn.shopify.com/s/files/1/1109/3312/files/1104_20BLACK_20SILVER_d72112ac-d34f-493e-bb40-1fe6a1608d9e.jpg?v=1727935531,Halter Neck,Jumpsuit,Cinched,Unknown
https://cdn.shopify.com/s/files/1/1109/3312/files/200_20BRIGHT_20FUSCHSIA_9bce130c-92ef-4ff5-a373-684806ec37ca.jpg?v=1727933482,Halter Neck,Ball gown,Low-waist,Sleeveless
https://cdn.shopify.com/s/files/1/1109/3312/files/28571-1.jpg?v=1740010500,Off-shoulder,Ball gown,Asymmetrical,Unknown
https://cdn.shopify.com/s/files/1/1109/3312/files/38892-04hotpink.jpg?v=1743051302,Off-shoulder,Ball gown,Basque,Bishop
https://cdn.shopify.com/s/files/1/1109/3312/products/prom-short-spaghetti-strap-metallic-glitter-dress-the-dress-outlet-5.jpg?v=1742999196,Halter Neck,Ball gown,Low-waist,Sleeveless
https://cdn.shopify.com/s/files/1/1109/3312/products/prom-short-sleeveless-metallic-glitter-dress-the-dress-outlet-1.jpg?v=1645639027,Halter Neck,Ball gown,Cinched,3/4 Sleeves
https://cdn.shopify.com/s/files/1/1109/3312/files/cd0226_champagne.jpg?v=1742999045,Halter Neck,Ball gown,Low-waist,Sleeveless
https://cdn.shopify.com/s/files/1/1109/3312/files/andrea-and-leo-a0666w-long-formal-off-shoulder-wedding-dress-1.jpg?v=1708629790,Off-shoulder,Ball gown,Cinched,3/4 Sleeves
https://cdn.shopify.com/s/files/1/1109/3312/files/a1257_dustymauve.jpg?v=1710161206,Off-shoulder,Ball gown,Cinched,3/4 Sleeves
https://cdn.shopify.com/s/files/1/1109/3312/files/a1350_dustyrose.jpg?v=1721532494,Off-shoulder,Ball gown,Asymmetrical,3/4 Sleeves
https://cdn.shopify.com/s/files/1/1109/3312/files/ma104-319521.jpg?v=1721536063,Off-shoulder,Ball gown,Low-waist,Cap
https://cdn.shopify.com/s/files/1/1109/3312/products/sydneys-closet-prom-plus-sizes-sleeveless-long-gown-the-dress-outlet-4.jpg?v=1722638915,Halter Neck,Ball gown,Cinched,Sleeveless
https://cdn.shopify.com/s/files/1/1109/3312/files/sydneys-closet-plus-size-prom-long-formal-dress-3.jpg?v=1736451417,Halter Neck,Ball gown,Low-waist,Sleeveless
https://cdn.shopify.com/s/files/1/1109/3312/files/DD1361-_28239_29.jpg?v=1742503507,Halter Neck,Ball gown,Low-waist,Sleeveless
https://cdn.shopify.com/s/files/1/1109/3312/files/DD1372DD1372-576_ffbdb4d1-1145-4f39-8815-c86e8f3ae4bb.jpg?v=1743051451,Halter Neck,Fit-and-flare,Low-waist,Short
https://cdn.shopify.com/s/files/1/1109/3312/files/DD332-175.jpg?v=1704554732,Off-shoulder,Ball gown,Cinched,Bell
https://cdn.shopify.com/s/files/1/1109/3312/files/DD342-Longer.jpg?v=1716614152,Off-shoulder,Ball gown,Cinched,Bell
https://cdn.shopify.com/s/files/1/1109/3312/files/prom-long-sequins-dress-mermaid-evening-gown-3.jpg?v=1703787121,Halter Neck,Ball gown,Asymmetrical,Sleeveless
https://cdn.shopify.com/s/files/1/1109/3312/files/chiffon-ruched-bodice-long-formal-dress-1.jpg?v=1689844413,Halter Neck,Ball gown,Low-waist,Sleeveless
https://cdn.shopify.com/s/files/1/1109/3312/products/long-sleeve-formal-glitter-evening-prom-dress-the-dress-outlet-1.jpg?v=1665773663,Off-shoulder,Ball gown,Asymmetrical,3/4 Sleeves
https://cdn.shopify.com/s/files/1/1109/3312/products/long-sleeveless-formal-a-line-lace-mesh-prom-gown-the-dress-outlet-6.jpg?v=1686584984,Halter Neck,Ball gown,Cinched,Sleeveless
https://cdn.shopify.com/s/files/1/1109/3312/products/homecoming-strapless-floral-applique-short-dress-the-dress-outlet-1.jpg?v=1665764958,Off-shoulder,Ball gown,Low-waist,3/4 Sleeves
https://cdn.shopify.com/s/files/1/1109/3312/files/jovani-02035-off-shoulder-ruched-long-gown-1.jpg?v=1709306069,Off-shoulder,Ball gown,Low-waist,Raglan
https://cdn.shopify.com/s/files/1/1109/3312/products/marsoni-long-long-mother-of-bride-chiffon-dress-157-the-dress-outlet-6.jpg?v=1736451627,Off-shoulder,Ball gown,Low-waist,3/4 Sleeves
https://cdn.shopify.com/s/files/1/1109/3312/products/marsoni-long-mother-of-the-bride-jacket-dress-301-the-dress-outlet-6.jpg?v=1722034404,Halter Neck,Ball gown,Cinched,3/4 Sleeves
https://cdn.shopify.com/s/files/1/1109/3312/products/marsoni-long-formal-mother-of-the-bride-dress-m318-the-dress-outlet-3.jpg?v=1743039788,Halter Neck,Ball gown,Cinched,Long
https://cdn.shopify.com/s/files/1/1109/3312/files/11810-Black-AB.jpg?v=1719675245,Halter Neck,Ball gown,Cinched,Sleeveless
https://cdn.shopify.com/s/files/1/1109/3312/products/mac-duggal-short-sleeveless-ombre-dress-20403-the-dress-outlet-1.jpg?v=1665820656,Halter Neck,Ball gown,Asymmetrical,Sleeveless
https://cdn.shopify.com/s/files/1/1109/3312/products/20505-HotPink-AB.jpg?v=1702916153,Off-shoulder,Ball gown,Cinched,Puff
https://cdn.shopify.com/s/files/1/1109/3312/products/mac-duggal-prom-long-one-shoulder-formal-gown-26517-the-dress-outlet-5.jpg?v=1742857633,Halter Neck,Ball gown,Low-waist,Long
https://cdn.shopify.com/s/files/1/1109/3312/products/27143_ANG_Default_1_WS.jpg?v=1700136524,Halter Neck,Ball gown,High Waist,Sleeveless
https://cdn.shopify.com/s/files/1/1109/3312/files/680461_PIN_Default_1_WS.jpg?v=1743090771,Halter Neck,Ball gown,Cinched,Sleeveless
https://cdn.shopify.com/s/files/1/1109/3312/products/mac-duggal-mother-of-the-bride-long-dress-93547-the-dress-outlet-1.jpg?v=1665818960,Off-shoulder,Jumpsuit,Cinched,Kimono
https://cdn.shopify.com/s/files/1/1109/3312/products/marsoni-mother-of-the-bride-long-satin-dress-1003-the-dress-outlet-1.jpg?v=1645630817,Halter Neck,Ball gown,Cinched,3/4 Sleeves
https://cdn.shopify.com/s/files/1/1109/3312/products/marsoni-mother-of-the-bride-a-line-long-dress-1052-the-dress-outlet-1.jpg?v=1645630445,Off-shoulder,Ball gown,Cinched,3/4 Sleeves
https://www.thedressoutlet.com/cdn/shop/files/NR2273_20BABY_20BLUE_20_281_29_a2e7b9c4-1fd0-4cad-a744-85bd90b33dea.jpg?format=webp&v=1727016083&width=1946,Off-shoulder,Ball gown,Low-waist,3/4 Sleeves
https://cdn.shopify.com/s/files/1/1109/3312/products/sleeveless-long-fit-and-flare-prom-dress-the-dress-outlet-4_b50ac9c6-03e1-4d15-959e-647cc1f0c911.jpg?v=1743092593,Halter Neck,Ball gown,Cinched,Sleeveless
https://cdn.shopify.com/s/files/1/1109/3312/files/E1044RED3.jpg?v=1742956153,Halter Neck,Ball gown,Low-waist,Sleeveless
https://cdn.shopify.com/s/files/1/1109/3312/products/0011322_r1236.jpg?v=1742950266,Off-shoulder,Ball gown,Low-waist,Sleeveless
https://cdn.shopify.com/s/files/1/1109/3312/products/short-homecoming-spaghetti-strap-cocktail-dress-the-dress-outlet-8.jpg?v=1743092062,Halter Neck,Ball gown,Low-waist,Sleeveless
https://cdn.shopify.com/s/files/1/1109/3312/files/PS22538-BLUE--BLACKAB--BLUSHBLACK.jpg.large.jpg?v=1743091920,Halter Neck,Ball gown,Low-waist,Sleeveless
https://cdn.shopify.com/s/files/1/1109/3312/files/randm-richards-2342-short-cocktail-jacket-piece-dress-1.jpg?v=1742997463,Halter Neck,Fit-and-flare,Asymmetrical,3/4 Sleeves
https://cdn.shopify.com/s/files/1/1109/3312/files/BB209_EMERALD_20.jpg?v=1740010354,Off-shoulder,Ball gown,Low-waist,Long
https://cdn.shopify.com/s/files/1/1109/3312/products/72807-0174.jpg?v=1743086168,Off-shoulder,Ball gown,Empire,Long
https://cdn.shopify.com/s/files/1/1109/3312/products/72933-0112.jpg?v=1701443607,Halter Neck,Ball gown,Cinched,3/4 Sleeves
https://cdn.shopify.com/s/files/1/1109/3312/files/1228YELLOW_369c5d92-2b43-44e5-a582-a0340053ea3f.jpg?v=1727179472,Halter Neck,Ball gown,Low-waist,Unknown
https://cdn.shopify.com/s/files/1/1109/3312/files/cd795_blue_1.jpg?v=1725099057,Off-shoulder,Ball gown,Low-waist,Sleeveless
https://cdn.shopify.com/s/files/1/1109/3312/products/a0824_1_9.jpg?v=1740010797,Off-shoulder,Ball gown,Low-waist,Unknown
https://cdn.shopify.com/s/files/1/1109/3312/files/andrea-and-leo-a1028w-gardenia-long-wedding-dress-1.jpg?v=1708629806,Halter Neck,Ball gown,Cinched,Sleeveless
https://cdn.shopify.com/s/files/1/1109/3312/products/long-white-couture-floral-wedding-dress-the-dress-outlet-1.jpg?v=1708629855,Off-shoulder,Ball gown,Asymmetrical,Bishop
https://cdn.shopify.com/s/files/1/1109/3312/files/cc461_silver-nude_front.jpg?v=1742959392,Halter Neck,Ball gown,Low-waist,Short
https://cdn.shopify.com/s/files/1/1109/3312/files/ck937_hotpink.jpg?v=1743215669,Halter Neck,Ball gown,Cinched,Long
https://cdn.shopify.com/s/files/1/1109/3312/files/CE2011-coral-front-web.jpg?v=1743219295,Halter Neck,Ball gown,Cinched,Sleeveless
https://cdn.shopify.com/s/files/1/1109/3312/products/CL19827_PLUM1.jpg?v=1703951022,Halter Neck,Ball gown,Asymmetrical,Sleeveless
https://cdn.shopify.com/s/files/1/1109/3312/products/colors-prom-long-formal-glitter-mesh-ball-gown-2381-the-dress-outlet-9.jpg?v=1742905000,Off-shoulder,Ball gown,Cinched,Sleeveless
https://cdn.shopify.com/s/files/1/1109/3312/files/2990-ROYAL9884.jpg?v=1742996652,Halter Neck,Ball gown,Cinched,Sleeveless
https://cdn.shopify.com/s/files/1/1109/3312/files/DD1360-_28115_29.jpg?v=1740010348,Halter Neck,Ball gown,Cinched,Sleeveless
https://cdn.shopify.com/s/files/1/1109/3312/files/DD346-2572-Longer.jpg?v=1720734647,Halter Neck,Ball gown,Cinched,Raglan
https://cdn.shopify.com/s/files/1/1109/3312/files/DD358-_2821_29.jpg?v=1745526733,Halter Neck,Ball gown,Cinched,Long
https://cdn.shopify.com/s/files/1/1109/3312/products/long-criss-cross-halter-bridesmaids-dress-the-dress-outlet-10.jpg?v=1743084498,Halter Neck,Ball gown,Low-waist,Sleeveless
https://cdn.shopify.com/s/files/1/1109/3312/products/ew34034__-lilac-_f.2000.jpg?v=1743039408,Off-shoulder,Ball gown,Low-waist,3/4 Sleeves
https://cdn.shopify.com/s/files/1/1109/3312/products/colors-formal-long-spaghetti-strap-dress-g1052-the-dress-outlet-7.jpg?v=1742947765,Off-shoulder,Ball gown,Cinched,Sleeveless
https://cdn.shopify.com/s/files/1/1109/3312/files/long-beaded-glitter-mesh-wedding-dress-1.jpg?v=1689874612,Halter Neck,Ball gown,Cinched,Raglan
https://cdn.shopify.com/s/files/1/1109/3312/files/long-bridesmaid-prom-dress-formal-10.jpg?v=1743146309,Halter Neck,Ball gown,Asymmetrical,Long
https://cdn.shopify.com/s/files/1/1109/3312/files/long-a-line-wedding-dress-1.jpg?v=1689861124,Off-shoulder,Ball gown,Cinched,Bell
https://cdn.shopify.com/s/files/1/1109/3312/files/GL3494_CHAMPAGNE_1.jpg?v=1709136266,Off-shoulder,Ball gown,Cinched,Long
https://cdn.shopify.com/s/files/1/1109/3312/products/homecoming-strapless-short-tulle-prom-dress-the-dress-outlet-4.jpg?v=1708874465,Halter Neck,Ball gown,Low-waist,Sleeveless
https://cdn.shopify.com/s/files/1/1109/3312/products/homecoming-sleeveless-short-prom-dress-the-dress-outlet-1.jpg?v=1665764957,Halter Neck,Ball gown,Low-waist,Sleeveless
https://cdn.shopify.com/s/files/1/1109/3312/files/lace-embellished-bodice-chiffon-short-dress-7.jpg?v=1743203590,Off-shoulder,Ball gown,Cinched,Short
https://cdn.shopify.com/s/files/1/1109/3312/files/prom-short-off-shoulder-glitter-homecoming-cocktail-dress-5.jpg?v=1689848721,Off-shoulder,Ball gown,Cinched,Sleeveless
https://cdn.shopify.com/s/files/1/1109/3312/products/jovani-prom-sleeveless-fitted-long-formal-gown-3263-the-dress-outlet-9.jpg?v=1679085631,Halter Neck,Ball gown,Low-waist,3/4 Sleeves
https://cdn.shopify.com/s/files/1/1109/3312/products/jovani-long-formal-off-shoulder-evening-gown-59993-the-dress-outlet-5.jpg?v=1743218480,Off-shoulder,Jumpsuit,Low-waist,3/4 Sleeves
https://cdn.shopify.com/s/files/1/1109/3312/products/mac-duggal-mother-of-the-bride-long-dress-20189-the-dress-outlet-1.jpg?v=1645628090,Off-shoulder,Ball gown,Cinched,3/4 Sleeves
https://cdn.shopify.com/s/files/1/1109/3312/products/mac-duggal-long-formal-flutter-sleeve-dress-20362-the-dress-outlet-1.jpg?v=1738364703,Halter Neck,Ball gown,Cinched,3/4 Sleeves
https://cdn.shopify.com/s/files/1/1109/3312/products/20372-Chocolate-AB.jpg?v=1742998508,Off-shoulder,Ball gown,Cinched,Long
https://cdn.shopify.com/s/files/1/1109/3312/files/20405-Whisteria-AB.jpg?v=1742908413,Off-shoulder,Ball gown,Cinched,3/4 Sleeves
https://cdn.shopify.com/s/files/1/1109/3312/products/20529-PowderBlue-AB.jpg?v=1742905814,Off-shoulder,Ball gown,Cinched,Sleeveless
https://cdn.shopify.com/s/files/1/1109/3312/products/20688_BLK_Default_1_WS_1800x1800_af98e35b-4d8f-43a7-8bbb-e30672baa325.jpg?v=1698323185,Off-shoulder,Ball gown,High Waist,Short
https://cdn.shopify.com/s/files/1/1109/3312/products/mac-duggal-long-one-shoulder-prom-dress-26591-the-dress-outlet-4.jpg?v=1722033970,Halter Neck,Ball gown,Cinched,Bishop
https://cdn.shopify.com/s/files/1/1109/3312/products/mac-duggal-formal-one-shoulder-jumpsuit-26596-the-dress-outlet-1.jpg?v=1743088772,Halter Neck,Ball gown,Cinched,Long
https://cdn.shopify.com/s/files/1/1109/3312/files/27460-Black-AB.jpg?v=1702981916,Halter Neck,Jumpsuit,High Waist,3/4 Sleeves
https://cdn.shopify.com/s/files/1/1109/3312/products/mac-duggal-short-flutter-sleeveless-cocktail-dress-the-dress-outlet-4.jpg?v=1743131146,Halter Neck,Ball gown,Low-waist,Bell
https://cdn.shopify.com/s/files/1/1109/3312/products/mac-duggal-short-spaghetti-strap-cocktail-dress-48775-the-dress-outlet-1.jpg?v=1743147662,Halter Neck,Ball gown,Cinched,Short
https://cdn.shopify.com/s/files/1/1109/3312/products/mac-duggal-long-sleeveless-formal-chiffon-gown-55321-the-dress-outlet-1.jpg?v=1665818510,Halter Neck,Ball gown,Low-waist,Sleeveless
https://cdn.shopify.com/s/files/1/1109/3312/products/mac-duggal-sheer-long-sleeve-a-line-short-dress-the-dress-outlet-6.jpg?v=1742859461,Off-shoulder,Ball gown,Asymmetrical,Raglan
https://cdn.shopify.com/s/files/1/1109/3312/products/mac-duggal-mother-of-the-bride-long-dress-67842-the-dress-outlet-3.jpg?v=1722291627,Halter Neck,Ball gown,Cinched,3/4 Sleeves
https://cdn.shopify.com/s/files/1/1109/3312/products/mac-duggal-long-formal-ruffled-dress-67911-the-dress-outlet-1.jpg?v=1742856253,Halter Neck,Ball gown,Cinched,Puff
https://cdn.shopify.com/s/files/1/1109/3312/products/67989-Black-AB.jpg?v=1743052374,Off-shoulder,Ball gown,Asymmetrical,Sleeveless
https://cdn.shopify.com/s/files/1/1109/3312/products/68229-Sapphire-AB.jpg?v=1742952756,Off-shoulder,Ball gown,Asymmetrical,3/4 Sleeves
https://cdn.shopify.com/s/files/1/1109/3312/files/68427_EME_Default_1_WS.jpg?v=1738364730,Off-shoulder,Ball gown,Basque,3/4 Sleeves
https://cdn.shopify.com/s/files/1/1109/3312/products/mac-duggal-long-formal-spaghetti-strap-gown-93551-the-dress-outlet-1.jpg?v=1645626916,Halter Neck,Ball gown,Cinched,Long
https://cdn.shopify.com/s/files/1/1109/3312/files/93867_TAU_Default_1_WS.jpg?v=1719240760,Off-shoulder,Ball gown,Cinched,3/4 Sleeves
https://cdn.shopify.com/s/files/1/1109/3312/products/sleeveless-long-fit-and-flare-prom-dress-the-dress-outlet-1.jpg?v=1743053164,Off-shoulder,Ball gown,Low-waist,Sleeveless
https://cdn.shopify.com/s/files/1/1109/3312/files/long-lace-boho-wedding-dress-1.jpg?v=1689871510,Halter Neck,Ball gown,Cinched,3/4 Sleeves
https://cdn.shopify.com/s/files/1/1109/3312/products/formal-long-wedding-gown-the-dress-outlet-1.jpg?v=1645599320,Off-shoulder,Ball gown,Asymmetrical,3/4 Sleeves
https://cdn.shopify.com/s/files/1/1109/3312/files/3573-APPLE-GREEN.jpg?v=1690641133,Halter Neck,Ball gown,Cinched,3/4 Sleeves
https://cdn.shopify.com/s/files/1/1109/3312/products/primavera-couture-long-sleeve-prom-short-dress-3819-the-dress-outlet-5.jpg?v=1743082604,Halter Neck,Ball gown,Cinched,Raglan
https://cdn.shopify.com/s/files/1/1109/3312/products/primavera-couture-sexy-fitted-short-prom-dress-3891-the-dress-outlet-6.jpg?v=1742904873,Halter Neck,Ball gown,Cinched,Sleeveless
https://cdn.shopify.com/s/files/1/1109/3312/files/3971-BLACK-0659-scaled.jpg?v=1707806392,Off-shoulder,Ball gown,Cinched,Sleeveless
https://cdn.shopify.com/s/files/1/1109/3312/files/4151-ROYAL-BLUE-1-scaled.jpg?v=1743085074,Halter Neck,Ball gown,Low-waist,Long
https://cdn.shopify.com/s/files/1/1109/3312/products/portia-and-scarlett-sexy-long-formal-prom-dress-ps21287-the-dress-outlet-12.jpg?v=1743209955,Halter Neck,Ball gown,Asymmetrical,3/4 Sleeves
https://cdn.shopify.com/s/files/1/1109/3312/files/Screenshot_3.jpg.large.jpg?v=1743289890,Halter Neck,Ball gown,Cinched,Unknown
https://cdn.shopify.com/s/files/1/1109/3312/products/PS23019_20Pink.jpg?v=1743288974,Off-shoulder,Fit-and-flare,Low-waist,3/4 Sleeves
https://cdn.shopify.com/s/files/1/1109/3312/products/PS23116_20Red_20.jpg?v=1707225635,Halter Neck,Fit-and-flare,Low-waist,Sleeveless
https://cdn.shopify.com/s/files/1/1109/3312/products/PS23645LILAC-BLUE._1024x1024_61a857a3-241c-4ef8-8cc8-9d79627e4ffe.jpg?v=1743041149,Halter Neck,Ball gown,High Waist,Long
https://cdn.shopify.com/s/files/1/1109/3312/files/PS24850CNAVY.jpg?v=1740010666,Halter Neck,Ball gown,Low-waist,Long
https://cdn.shopify.com/s/files/1/1109/3312/files/PS24942WHITE_2.jpg?v=1743289587,Off-shoulder,Ball gown,Low-waist,Sleeveless
https://cdn.shopify.com/s/files/1/1109/3312/products/70279-09-S.jpg?v=1743049939,Halter Neck,Ball gown,Cinched,3/4 Sleeves
https://cdn.shopify.com/s/files/1/1109/3312/products/70595-skybluenavy-03.jpg?v=1740010654,Halter Neck,Ball gown,Cinched,3/4 Sleeves
https://cdn.shopify.com/s/files/1/1109/3312/files/randm-richards-1149-short-plus-size-dress-black-2.jpg?v=1742855280,Halter Neck,Fit-and-flare,Low-waist,Raglan
https://cdn.shopify.com/s/files/1/1109/3312/products/terani-couture-long-off-shoulder-prom-dress-1911m9339-the-dress-outlet-4.jpg?v=1722028679,Halter Neck,Ball gown,High Waist,3/4 Sleeves
https://cdn.shopify.com/s/files/1/1109/3312/files/242m3311_champagne_front.jpg?v=1713073302,Off-shoulder,Ball gown,Asymmetrical,Long
https://cdn.shopify.com/s/files/1/1109/3312/files/bjk18795mq_copper_shadow_front2.jpg?v=1725028256,Halter Neck,A-Line,Cinched,Short
https://cdn.shopify.com/s/files/1/1109/3312/files/bos22835mq_black_front_2.jpg?v=1724333190,Collared,Pantsuit,High Waist,Short
https://cdn.shopify.com/s/files/1/1109/3312/files/bsj20807lq_antique_pink_front_2.jpg?v=1743084350,Off-shoulder,Ball gown,Cinched,3/4 Sleeves
https://cdn.shopify.com/s/files/1/1109/3312/files/1119_20GUNMETAL1.jpg?v=1743209825,Off-shoulder,Jumpsuit,Cinched,Long
https://cdn.shopify.com/s/files/1/1109/3312/files/1145_20BLACK_20SILVER2_4997a2da-18ce-4248-b600-c49739dcf156.jpg?v=1727923069,Off-shoulder,Ball gown,Low-waist,Unknown
https://cdn.shopify.com/s/files/1/1109/3312/files/196_20romantic_20pink_f3d91cf7-3ab4-48c8-894e-ec8ef9618d9b.jpg?v=1727934773,Halter Neck,Ball gown,Cinched,Sleeveless
https://cdn.shopify.com/s/files/1/1109/3312/files/274_20DARK_20CHAMPAGNE_87590a28-c2b9-4375-bf08-b926e76050f3.jpg?v=1727926262,Halter Neck,Ball gown,Cinched,3/4 Sleeves
https://cdn.shopify.com/s/files/1/1109/3312/files/662_20GOLD1_04f58957-3d0d-4ae6-a12e-0b2956d6549e.jpg?v=1727925068,Halter Neck,Ball gown,High Waist,Long
https://cdn.shopify.com/s/files/1/1109/3312/files/36004-18.jpg?v=1709887017,Halter Neck,Ball gown,Low-waist,Unknown
https://cdn.shopify.com/s/files/1/1109/3312/files/38334.jpg?v=1743087893,Off-shoulder,Ball gown,High Waist,Puff
https://cdn.shopify.com/s/files/1/1109/3312/files/38352turquoise1.jpg?v=1743289522,Halter Neck,Ball gown,Cinched,3/4 Sleeves
https://cdn.shopify.com/s/files/1/1109/3312/files/38896-3.jpg?v=1740010504,Halter Neck,Ball gown,Low-waist,Bishop
https://cdn.shopify.com/s/files/1/1109/3312/files/39225_1.jpg?v=1709818228,Off-shoulder,Ball gown,Low-waist,Long
https://cdn.shopify.com/s/files/1/1109/3312/files/39318_8.jpg?v=1743048556,Off-shoulder,Ball gown,Cinched,Puff
https://cdn.shopify.com/s/files/1/1109/3312/files/cd0220_silver_1.jpg?v=1742865754,Off-shoulder,Ball gown,Low-waist,Sleeveless
https://cdn.shopify.com/s/files/1/1109/3312/files/cd323_royal.jpg?v=1743217950,Halter Neck,Ball gown,Low-waist,Sleeveless
https://cdn.shopify.com/s/files/1/1109/3312/files/cd845c_blue.jpg?v=1711151015,Off-shoulder,Ball gown,Cinched,Sleeveless
https://cdn.shopify.com/s/files/1/1109/3312/files/cd996t_emerald_1.jpg?v=1743218795,Off-shoulder,Ball gown,Low-waist,3/4 Sleeves
https://cdn.shopify.com/s/files/1/1109/3312/files/andrea-and-leo-a0862-mother-of-the-bride-long-dress-4.jpg?v=1708629740,Off-shoulder,Ball gown,Low-waist,3/4 Sleeves
https://cdn.shopify.com/s/files/1/1109/3312/products/long-off-shoulder-formal-prom-dress-the-dress-outlet-1_6a2175d3-fd26-4095-a3af-1181172f2759.jpg?v=1736451461,Off-shoulder,Ball gown,Low-waist,3/4 Sleeves
https://cdn.shopify.com/s/files/1/1109/3312/products/a1108_tearose.jpg?v=1740010811,Off-shoulder,Ball gown,Low-waist,3/4 Sleeves
https://cdn.shopify.com/s/files/1/1109/3312/products/a1110-6.jpg?v=1708630770,Off-shoulder,Ball gown,Asymmetrical,3/4 Sleeves
https://cdn.shopify.com/s/files/1/1109/3312/files/a1377_black-nude_front.jpg?v=1735056722,Off-shoulder,Ball gown,Asymmetrical,3/4 Sleeves
https://cdn.shopify.com/s/files/1/1109/3312/files/a1444_silver_front.jpg?v=1738136136,Off-shoulder,Ball gown,Asymmetrical,3/4 Sleeves
https://cdn.shopify.com/s/files/1/1109/3312/files/c148c_dustymauve.jpg?v=1710644009,Off-shoulder,Ball gown,Cinched,3/4 Sleeves
https://cdn.shopify.com/s/files/1/1109/3312/files/cl07_navy_front.jpg?v=1738144094,Off-shoulder,Ball gown,Low-waist,3/4 Sleeves
https://cdn.shopify.com/s/files/1/1109/3312/products/CL12237_SILVER.jpg?v=1743130805,Off-shoulder,Ball gown,Cinched,Long
https://cdn.shopify.com/s/files/1/1109/3312/files/cl2037_jade_f.2000.webp?v=1743042727,Halter Neck,Ball gown,Cinched,Sleeveless
https://cdn.shopify.com/s/files/1/1109/3312/products/colors-long-formal-fitted-sequins-prom-dress-2743-the-dress-outlet-6.jpg?v=1743042827,Halter Neck,Ball gown,Cinched,Long
https://cdn.shopify.com/s/files/1/1109/3312/files/2968-TEAL1552-3.jpg?v=1742862794,Halter Neck,Ball gown,Low-waist,Sleeveless
https://cdn.shopify.com/s/files/1/1109/3312/products/3131_20BLACK0126.jpg?v=1742999139,Halter Neck,Ball gown,Low-waist,Sleeveless
https://cdn.shopify.com/s/files/1/1109/3312/products/3219_20bl.jpg?v=1740010684,Off-shoulder,Ball gown,Cinched,Bell
https://cdn.shopify.com/s/files/1/1109/3312/products/CL5121-jade-berry-c.jpg?v=1743290115,Halter Neck,Ball gown,Cinched,Sleeveless
https://cdn.shopify.com/s/files/1/1109/3312/products/CL5140-sienna-a.jpg?v=1743149219,Halter Neck,Ball gown,Low-waist,Sleeveless
https://cdn.shopify.com/s/files/1/1109/3312/products/CL5158-black-a.jpg?v=1743207648,Halter Neck,Fit-and-flare,Asymmetrical,Sleeveless
https://cdn.shopify.com/s/files/1/1109/3312/files/99d248ca_ffb5_43d5_9fa1_08f43c694ee3.jpg?v=1743291182,Off-shoulder,Ball gown,Asymmetrical,Sleeveless
https://cdn.shopify.com/s/files/1/1109/3312/files/DD338-11.jpg?v=1710768438,Halter Neck,Ball gown,Cinched,Bell
https://cdn.shopify.com/s/files/1/1109/3312/files/DD347-1.jpg?v=1720689954,Off-shoulder,Ball gown,Low-waist,Puff
https://cdn.shopify.com/s/files/1/1109/3312/files/long-formal-bridesmaids-off-shoulder-prom-dress-1.jpg?v=1742957454,Off-shoulder,Jumpsuit,Cinched,3/4 Sleeves
https://cdn.shopify.com/s/files/1/1109/3312/products/prom-short-halter-homecoming-cocktail-dress-the-dress-outlet-1.jpg?v=1645638824,Halter Neck,Ball gown,Cinched,Sleeveless
https://cdn.shopify.com/s/files/1/1109/3312/products/ew122028__-magenta-_f.2000.jpg?v=1743290059,Halter Neck,Ball gown,Low-waist,Sleeveless
https://cdn.shopify.com/s/files/1/1109/3312/products/ew34002__-english-rose-_f.2000.jpg?v=1743148598,Halter Neck,Ball gown,Cinched,Sleeveless
https://cdn.shopify.com/s/files/1/1109/3312/products/ew34041__-lilac-_f.2000.jpg?v=1743053613,Halter Neck,Ball gown,Cinched,Sleeveless
https://cdn.shopify.com/s/files/1/1109/3312/products/ew34046__-slate-_f.2000.jpg?v=1722638505,Halter Neck,Ball gown,Low-waist,Sleeveless
https://cdn.shopify.com/s/files/1/1109/3312/files/ew34090__-magenta-_f.2000.jpg?v=1743290813,Halter Neck,Ball gown,Cinched,Sleeveless
https://cdn.shopify.com/s/files/1/1109/3312/files/EW35011-royal-blue-c.jpg?v=1743042208,Halter Neck,Ball gown,Cinched,3/4 Sleeves
https://cdn.shopify.com/s/files/1/1109/3312/products/EW35201-hot-pink-a.jpg?v=1743289551,Halter Neck,Ball gown,Cinched,Sleeveless
https://cdn.shopify.com/s/files/1/1109/3312/files/illusion-v-neck-embroidered-mesh-long-wedding-gown-1.jpg?v=1689861108,Off-shoulder,Ball gown,Cinched,Bishop
https://cdn.shopify.com/s/files/1/1109/3312/products/long-ball-gown-strapless-quinceanera-dress-the-dress-outlet-5.jpg?v=1743087110,Off-shoulder,Ball gown,Cinched,Bishop
https://cdn.shopify.com/s/files/1/1109/3312/files/long-sleeve-off-shoulder-mesh-wedding-gown-5.jpg?v=1689874694,Off-shoulder,Ball gown,Cinched,Raglan
https://cdn.shopify.com/s/files/1/1109/3312/products/strapless-with-mesh-cape-quinceanera-dress-the-dress-outlet-1.jpg?v=1665840684,Off-shoulder,Ball gown,Cinched,Puff
https://cdn.shopify.com/s/files/1/1109/3312/files/long-embroidered-off-shoulder-lace-wedding-gown-3.jpg?v=1703958679,Sweetheart,Ball gown,Asymmetrical,3/4 Sleeves
https://cdn.shopify.com/s/files/1/1109/3312/files/long-spaghetti-strap-mermaid-wedding-gown-1.jpg?v=1689874712,Halter Neck,Ball gown,Cinched,3/4 Sleeves
https://cdn.shopify.com/s/files/1/1109/3312/products/quinceanera-cold-shoulder-long-sequin-dress-the-dress-outlet-7.jpg?v=1743132915,Off-shoulder,Ball gown,Cinched,Puff
https://cdn.shopify.com/s/files/1/1109/3312/files/long-formal-mock-2-piece-blush-prom-dress-1.jpg?v=1689842961,Halter Neck,Ball gown,Cinched,Sleeveless
https://cdn.shopify.com/s/files/1/1109/3312/files/two-piece-ball-gown-long-prom-dress-1.jpg?v=1708742122,Halter Neck,Ball gown,Low-waist,Long
https://cdn.shopify.com/s/files/1/1109/3312/files/prom-beaded-2-piece-set-halter-formal-dress-1.jpg?v=1689842941,Halter Neck,Ball gown,Low-waist,Sleeveless
https://cdn.shopify.com/s/files/1/1109/3312/files/long-wedding-dress-with-detachable-beaded-lace-top-1.jpg?v=1689854679,Halter Neck,Ball gown,Cinched,Sleeveless
https://cdn.shopify.com/s/files/1/1109/3312/files/halter-neck-two-piece-floral-print-long-prom-dress-4.jpg?v=1742999291,Halter Neck,Ball gown,Low-waist,Sleeveless
https://cdn.shopify.com/s/files/1/1109/3312/files/long-two-piece-halter-mermaid-prom-gown-6.jpg?v=1743080663,Halter Neck,Ball gown,Cinched,Sleeveless
https://cdn.shopify.com/s/files/1/1109/3312/files/prom-2-piece-sexy-halter-evening-gown-3.jpg?v=1743089339,Halter Neck,Ball gown,Low-waist,Sleeveless
https://cdn.shopify.com/s/files/1/1109/3312/files/prom-2-piece-trumpet-homecoming-evening-long-gown-5.jpg?v=1742995987,Halter Neck,Ball gown,Low-waist,Sleeveless
https://cdn.shopify.com/s/files/1/1109/3312/files/prom-long-two-piece-dress-evening-gown-1.jpg?v=1689844897,Halter Neck,Ball gown,Cinched,Sleeveless
https://cdn.shopify.com/s/files/1/1109/3312/files/prom-two-piece-taffeta-formal-dress-evening-long-gown-9.jpg?v=1743040916,Halter Neck,Ball gown,Low-waist,Long
https://cdn.shopify.com/s/files/1/1109/3312/files/long-formal-wedding-dress-1_cf906de1-c0b8-4447-a063-7564bba147cb.jpg?v=1689861108,Off-shoulder,Ball gown,Cinched,3/4 Sleeves
https://cdn.shopify.com/s/files/1/1109/3312/files/prom-bridesmaid-chiffon-long-formal-dress-9.jpg?v=1743043107,Halter Neck,Ball gown,Cinched,Sleeveless
https://cdn.shopify.com/s/files/1/1109/3312/files/formal-chiffon-long-dress-bridesmaid-4.jpg?v=1743289418,Off-shoulder,Ball gown,Cinched,3/4 Sleeves
https://cdn.shopify.com/s/files/1/1109/3312/files/long-sleeveless-v-neck-mermaid-wedding-gown-1.jpg?v=1689848808,Halter Neck,Ball gown,Cinched,Raglan
https://cdn.shopify.com/s/files/1/1109/3312/files/formal-mermaid-long-prom-dress-7.jpg?v=1743209465,Halter Neck,Ball gown,Cinched,Bishop
https://cdn.shopify.com/s/files/1/1109/3312/files/glitter-print-mesh-long-prom-dress-1.jpg?v=1743214416,Off-shoulder,Ball gown,Basque,3/4 Sleeves
https://cdn.shopify.com/s/files/1/1109/3312/files/GL2963_LILAC_1O.jpg?v=1743081188,Halter Neck,Ball gown,Cinched,Long
https://cdn.shopify.com/s/files/1/1109/3312/files/gl3006-eggplant-1-long-prom-pageant-sequin-beads-lace-up-zipper-corset-sleeveless-v-neck-mermaid-slit.jpg?v=1743083253,Halter Neck,Ball gown,Low-waist,Long
https://cdn.shopify.com/s/files/1/1109/3312/products/long-spaghetti-strap-mermaid-wedding-dress-the-dress-outlet-1.jpg?v=1665815336,Halter Neck,Ball gown,Cinched,Sleeveless
https://cdn.shopify.com/s/files/1/1109/3312/products/bridal-long-sleeveless-mermaid-mesh-wedding-gown-the-dress-outlet-1.jpg?v=1665759533,Halter Neck,Ball gown,Cinched,Sleeveless
https://cdn.shopify.com/s/files/1/1109/3312/products/sleeveless-beaded-mermaid-prom-long-dress-the-dress-outlet-1.jpg?v=1703786987,Halter Neck,Ball gown,Cinched,Sleeveless
https://cdn.shopify.com/s/files/1/1109/3312/products/long-spaghetti-strap-mermaid-prom-dress-the-dress-outlet-6.jpg?v=1743049560,Halter Neck,Ball gown,Cinched,Sleeveless
https://cdn.shopify.com/s/files/1/1109/3312/products/short-sleeves-mother-of-the-bride-long-dress-the-dress-outlet-7.jpg?v=1720826945,Halter Neck,Ball gown,Cinched,3/4 Sleeves
https://cdn.shopify.com/s/files/1/1109/3312/products/long-ball-gown-quinceanera-dress-the-dress-outlet-1_f89d144a-d8de-408f-af9f-1b5deb326c02.jpg?v=1689790389,Off-shoulder,Ball gown,Cinched,Long
https://cdn.shopify.com/s/files/1/1109/3312/products/GL3098_BLACKGOLD_1O.jpg?v=1689806590,Off-shoulder,Ball gown,Asymmetrical,Long
https://cdn.shopify.com/s/files/1/1109/3312/products/GL3100_SAGE_1O_6b3d73af-20c5-4127-8302-e8648ac6fa79.jpg?v=1689806589,Off-shoulder,Ball gown,High Waist,Bell
https://cdn.shopify.com/s/files/1/1109/3312/products/GL3104_SAGE_1O.jpg?v=1743080358,Off-shoulder,Ball gown,Empire,Puff
https://cdn.shopify.com/s/files/1/1109/3312/products/GL3106_NAVY_1O.jpg?v=1689806629,Off-shoulder,Ball gown,Cinched,Long
https://cdn.shopify.com/s/files/1/1109/3312/products/GL3107_NAVY_1O.jpg?v=1689806657,Off-shoulder,Ball gown,Low-waist,Puff
https://cdn.shopify.com/s/files/1/1109/3312/products/GL3111_ROYALBLUE_1O.jpg?v=1689806657,Off-shoulder,Ball gown,Basque,Long
https://cdn.shopify.com/s/files/1/1109/3312/products/GL3168_BLKWHT_1O.jpg?v=1689807066,Off-shoulder,Ball gown,Empire,Bishop
https://cdn.shopify.com/s/files/1/1109/3312/files/strapless-sweetheart-lace-short-dress-6.jpg?v=1743203446,Off-shoulder,Ball gown,Cinched,Short
https://cdn.shopify.com/s/files/1/1109/3312/files/ruched-strapless-sweetheart-chiffon-short-dress-6.jpg?v=1743088363,Off-shoulder,Ball gown,Cinched,Sleeveless
https://cdn.shopify.com/s/files/1/1109/3312/products/prom-short-off-shoulder-homecoming-cocktail-dress-the-dress-outlet-1.jpg?v=1665827932,Off-shoulder,Ball gown,Cinched,3/4 Sleeves
https://cdn.shopify.com/s/files/1/1109/3312/products/short-strapless-homecoming-glitter-mesh-prom-dress-the-dress-outlet-14.jpg?v=1742996586,Halter Neck,Ball gown,Low-waist,Sleeveless
https://cdn.shopify.com/s/files/1/1109/3312/products/short-cocktail-glitter-mesh-floral-homecoming-dress-the-dress-outlet-1.jpg?v=1665835214,Halter Neck,Ball gown,Cinched,Sleeveless
https://cdn.shopify.com/s/files/1/1109/3312/files/prom-short-v-neck-spaghetti-strap-glitter-cocktail-dress-1.jpg?v=1689848779,Halter Neck,Ball gown,Cinched,Sleeveless
https://cdn.shopify.com/s/files/1/1109/3312/products/02845a_back.jpg?v=1743291057,Crew,Ball gown,Low-waist,Sleeveless
https://cdn.shopify.com/s/files/1/1109/3312/products/07652-white-640x960.jpg?v=1743291275,Off-shoulder,Ball gown,High Waist,3/4 Sleeves
https://cdn.shopify.com/s/files/1/1109/3312/files/09693_ROYAL_7-1200x1800_jpg.jpg?v=1743000841,Halter Neck,Ball gown,Low-waist,3/4 Sleeves
https://cdn.shopify.com/s/files/1/1109/3312/products/22314_PURPLEFUCHSIA_5-1200x1800_jpg.jpg?v=1743038741,Halter Neck,Ball gown,Cinched,3/4 Sleeves
https://cdn.shopify.com/s/files/1/1109/3312/products/158-22811-IRRCORAL-_202.jpg?v=1703693450,Halter Neck,Ball gown,Cinched,Long
https://cdn.shopify.com/s/files/1/1109/3312/products/jovani-long-formal-pleated-trumpet-dress-39739-the-dress-outlet-3.jpg?v=1743208398,Off-shoulder,Ball gown,Low-waist,3/4 Sleeves
https://cdn.shopify.com/s/files/1/1109/3312/products/jovani-prom-long-sleeveless-ball-gown-55634-the-dress-outlet-11.jpg?v=1743042906,Sweetheart,Ball gown,Low-waist,Sleeveless
https://cdn.shopify.com/s/files/1/1109/3312/products/kc33047-black-1.jpg?v=1694698317,Round Neck,A-Line,Asymmetrical,Raglan
https://cdn.shopify.com/s/files/1/1109/3312/products/mac-duggal-short-spaghetti-strap-prom-dress-10569-the-dress-outlet-1.jpg?v=1743289091,Halter Neck,Ball gown,Low-waist,Short
https://cdn.shopify.com/s/files/1/1109/3312/products/mac-duggal-formal-two-piece-pant-suit-11232-the-dress-outlet-1.jpg?v=1665816111,Off-shoulder,Pantsuit,Low-waist,3/4 Sleeves
https://cdn.shopify.com/s/files/1/1109/3312/products/mac-duggal-formal-short-puff-sleeve-jumpsuit-11273-the-dress-outlet-1.jpg?v=1742948354,Halter Neck,Jumpsuit,High Waist,Long
https://cdn.shopify.com/s/files/1/1109/3312/products/11562-BurntOrange-AB.jpg?v=1742998838,Halter Neck,Jumpsuit,Cinched,Sleeveless
https://cdn.shopify.com/s/files/1/1109/3312/products/11666_WHT_Default_1_WS_1800x1800_15874e1c-e380-4381-8779-e1459f8242ca.jpg?v=1743219618,Halter Neck,Jumpsuit,High Waist,Sleeveless
https://cdn.shopify.com/s/files/1/1109/3312/files/11817-BlackMulti-AB.jpg?v=1719499522,Halter Neck,Ball gown,Cinched,3/4 Sleeves
https://cdn.shopify.com/s/files/1/1109/3312/products/mac-duggal-short-mother-of-the-bride-dress-12486-the-dress-outlet-7.jpg?v=1742953233,Halter Neck,Fit-and-flare,Cinched,3/4 Sleeves
https://cdn.shopify.com/s/files/1/1109/3312/products/20583-Rose-AB.jpg?v=1689811114,Off-shoulder,Ball gown,Cinched,Sleeveless
https://cdn.shopify.com/s/files/1/1109/3312/products/20641_BLK_Default_1_WS.jpg?v=1698417293,Off-shoulder,Ball gown,Asymmetrical,Short
https://cdn.shopify.com/s/files/1/1109/3312/products/20718_BRZ_Default_1_WS.jpg?v=1698417473,Halter Neck,Ball gown,Cinched,Short
https://cdn.shopify.com/s/files/1/1109/3312/files/26319-Purple-AB.jpg?v=1742953771,Halter Neck,Ball gown,Low-waist,Sleeveless
https://cdn.shopify.com/s/files/1/1109/3312/products/mac-duggal-long-formal-sleeveless-evening-dress-the-dress-outlet-3.jpg?v=1742860277,Halter Neck,Ball gown,Cinched,Long
https://cdn.shopify.com/s/files/1/1109/3312/products/2647_DGG_Default_1_WS.jpg?v=1742957310,Halter Neck,Pantsuit,Cinched,3/4 Sleeves
https://cdn.shopify.com/s/files/1/1109/3312/products/mac-duggal-long-one-shoulder-formal-dress-26550-the-dress-outlet-3.jpg?v=1702392441,Off-shoulder,Ball gown,Cinched,3/4 Sleeves
https://cdn.shopify.com/s/files/1/1109/3312/products/mac-duggal-long-sleeve-formal-evening-gown-26575-the-dress-outlet-4.jpg?v=1721861526,Halter Neck,Ball gown,Asymmetrical,Long
https://cdn.shopify.com/s/files/1/1109/3312/products/27361-CandyPink-AB_1800x1800_ee048df0-61e8-42be-b6d6-82ad8767dbbf.jpg?v=1743083903,Halter Neck,Ball gown,Cinched,3/4 Sleeves
https://cdn.shopify.com/s/files/1/1109/3312/products/mac-duggal-long-formal-evening-prom-dress-49039-the-dress-outlet-5.jpg?v=1742960125,Off-shoulder,Ball gown,Asymmetrical,Sleeveless
https://cdn.shopify.com/s/files/1/1109/3312/products/49810_RUS_Default_1_WS_1800x1800_64a7fb61-b645-420d-85ed-5f5d2d3d485c.jpg?v=1743088644,Halter Neck,Jumpsuit,Low-waist,3/4 Sleeves
https://cdn.shopify.com/s/files/1/1109/3312/products/mac-duggal-long-mother-of-the-bride-dress-5217-the-dress-outlet-4.jpg?v=1721861491,Off-shoulder,Ball gown,Empire,3/4 Sleeves
https://cdn.shopify.com/s/files/1/1109/3312/products/5445-Plum-AB.jpg?v=1742955301,Halter Neck,Ball gown,Cinched,Long
https://cdn.shopify.com/s/files/1/1109/3312/products/mac-duggal-long-mother-of-the-bride-dress-5496-the-dress-outlet-5.jpg?v=1700412790,Off-shoulder,Ball gown,Cinched,Long
https://cdn.shopify.com/s/files/1/1109/3312/products/mac-duggal-long-formal-floral-lace-dress-67473-the-dress-outlet-1.jpg?v=1645626710,Halter Neck,Ball gown,Low-waist,Sleeveless
https://cdn.shopify.com/s/files/1/1109/3312/products/mac-duggal-long-mother-of-the-bride-dress-67539-the-dress-outlet-1.jpg?v=1743146067,Halter Neck,Ball gown,Asymmetrical,Raglan
https://cdn.shopify.com/s/files/1/1109/3312/products/mac-duggal-ruffled-floral-cut-out-chiffon-gown-67803-the-dress-outlet-1.jpg?v=1742856539,Off-shoulder,Ball gown,Cinched,3/4 Sleeves
https://cdn.shopify.com/s/files/1/1109/3312/products/mac-duggal-long-one-shoulder-ruffled-sleeve-67878-the-dress-outlet-5.jpg?v=1743045096,Off-shoulder,Ball gown,Cinched,3/4 Sleeves
https://cdn.shopify.com/s/files/1/1109/3312/products/mac-duggal-short-mother-of-the-bride-dress-67906-the-dress-outlet-4.jpg?v=1742859699,Halter Neck,Ball gown,Cinched,Short
https://cdn.shopify.com/s/files/1/1109/3312/products/mac-duggal-long-strapless-formal-jumpsuit-68146-the-dress-outlet-1.jpg?v=1665818833,Halter Neck,Jumpsuit,High Waist,3/4 Sleeves
https://cdn.shopify.com/s/files/1/1109/3312/products/mac-duggal-long-formal-fitted-prom-dress-68166-the-dress-outlet-1.jpg?v=1736451374,Halter Neck,Ball gown,Cinched,Sleeveless
https://cdn.shopify.com/s/files/1/1109/3312/products/mac-duggal-formal-spaghetti-strap-jumpsuit-2651-the-dress-outlet-5.jpg?v=1702903365,Halter Neck,Jumpsuit,High Waist,Sleeveless
https://cdn.shopify.com/s/files/1/1109/3312/products/mac-duggal-short-ruffle-cocktail-dress-49107-sale-the-dress-outlet-1.jpg?v=1665820545,Halter Neck,Fit-and-flare,Low-waist,Sleeveless
https://cdn.shopify.com/s/files/1/1109/3312/products/mac-duggal-long-mother-of-the-bride-cape-dress-9064-the-dress-outlet-1.jpg?v=1742999774,Off-shoulder,Ball gown,Cinched,3/4 Sleeves
https://cdn.shopify.com/s/files/1/1109/3312/products/9270_TWI_Default_1_WS_1800x1800_20cbd3ad-06f2-481a-913f-fe981c00b880.jpg?v=1699039463,Off-shoulder,Ball gown,Cinched,3/4 Sleeves
https://cdn.shopify.com/s/files/1/1109/3312/products/mac-duggal-mother-of-the-bride-long-gown-93626-the-dress-outlet-1.jpg?v=1665819031,Off-shoulder,Ball gown,High Waist,3/4 Sleeves
https://cdn.shopify.com/s/files/1/1109/3312/products/93653-VintageLilac-AB.jpg?v=1689810056,Off-shoulder,Ball gown,Cinched,3/4 Sleeves
https://cdn.shopify.com/s/files/1/1109/3312/products/mac-duggal-long-one-shoulder-formal-dress-93739-the-dress-outlet-1.jpg?v=1665817541,Halter Neck,Ball gown,Cinched,Sleeveless
https://cdn.shopify.com/s/files/1/1109/3312/products/mac-duggal-long-sleeveless-formal-prom-dress-93744-the-dress-outlet-1.jpg?v=1665818582,Halter Neck,Ball gown,Cinched,Sleeveless
https://cdn.shopify.com/s/files/1/1109/3312/files/93841-Rosewood-AB.jpg?v=1742862636,Off-shoulder,Ball gown,Cinched,3/4 Sleeves
https://cdn.shopify.com/s/files/1/1109/3312/products/mac-duggal-short-sleeveless-sequins-dress-10509-the-dress-outlet-5.jpg?v=1742856384,Halter Neck,Fit-and-flare,Low-waist,Sleeveless
https://cdn.shopify.com/s/files/1/1109/3312/products/mac-duggal-long-formal-halter-prom-dress-11277-the-dress-outlet-4.jpg?v=1742999510,Halter Neck,Ball gown,Cinched,Long
https://cdn.shopify.com/s/files/1/1109/3312/products/27033-Black-AB_1800x1800_b11c0833-6787-4c0f-95f7-14fd7e2ea5b3.jpg?v=1689813473,Halter Neck,Jumpsuit,High Waist,3/4 Sleeves
https://cdn.shopify.com/s/files/1/1109/3312/products/D1157_BLACK_20_281_29.jpg?v=1722034873,Halter Neck,Ball gown,Low-waist,Sleeveless
https://cdn.shopify.com/s/files/1/1109/3312/products/a-line-high-slit-formal-dress-the-dress-outlet-1.jpg?v=1743040737,Halter Neck,Ball gown,Low-waist,Sleeveless
https://cdn.shopify.com/s/files/1/1109/3312/products/long-formal-sleeveless-wedding-dress-the-dress-outlet-1.jpg?v=1645618828,Off-shoulder,Ball gown,Asymmetrical,Sleeveless
https://cdn.shopify.com/s/files/1/1109/3312/products/0010841_h784.jpg?v=1743090909,Off-shoulder,Ball gown,Low-waist,Sleeveless
https://cdn.shopify.com/s/files/1/1109/3312/products/sexy-a-line-long-prom-dress-the-dress-outlet-3_61ec8f52-b875-42fb-8c40-4205b2dd6dcb.jpg?v=1743148838,Halter Neck,Jumpsuit,Asymmetrical,Sleeveless
https://cdn.shopify.com/s/files/1/1109/3312/products/sequins-cocktail-short-homecoming-dress-the-dress-outlet-1.jpg?v=1645649070,Halter Neck,Ball gown,Cinched,Short
https://cdn.shopify.com/s/files/1/1109/3312/files/13116-EGGPLANT-3.jpg?v=1690635703,Off-shoulder,Pantsuit,Cinched,Kimono
https://cdn.shopify.com/s/files/1/1109/3312/products/primavera-couture-short-homecoming-dress-1938-the-dress-outlet-12.jpg?v=1743047272,Halter Neck,Jumpsuit,Asymmetrical,Sleeveless
https://cdn.shopify.com/s/files/1/1109/3312/products/primavera-couture-homecoming-sexy-short-dress-3353-the-dress-outlet-13.jpg?v=1743038521,Halter Neck,Jumpsuit,Asymmetrical,Sleeveless
https://cdn.shopify.com/s/files/1/1109/3312/files/3519-RASPBERRY.jpg?v=1743091558,Halter Neck,Ball gown,Cinched,Sleeveless
https://cdn.shopify.com/s/files/1/1109/3312/products/primavera-couture-short-sequins-prom-dress-3556-the-dress-outlet-11.jpg?v=1722275648,Halter Neck,Ball gown,Cinched,Sleeveless
https://cdn.shopify.com/s/files/1/1109/3312/files/3623-EMERALD-0157-scaled.jpg?v=1743219993,Halter Neck,Ball gown,Cinched,Long
https://cdn.shopify.com/s/files/1/1109/3312/products/primavera-couture-homecoming-short-prom-dress-3816-the-dress-outlet-3.jpg?v=1743051584,Halter Neck,Ball gown,Cinched,Sleeveless
https://cdn.shopify.com/s/files/1/1109/3312/products/primavera-couture-short-homecoming-prom-dress-3860-the-dress-outlet-7.jpg?v=1742999412,Halter Neck,Ball gown,Asymmetrical,Sleeveless
https://cdn.shopify.com/s/files/1/1109/3312/files/3897-APPLE-GREEN-_1.jpg?v=1743092209,Halter Neck,Ball gown,Cinched,Sleeveless
https://cdn.shopify.com/s/files/1/1109/3312/files/3898-BABY-PINK.jpg?v=1704916351,Halter Neck,Fit-and-flare,Cinched,Sleeveless
https://cdn.shopify.com/s/files/1/1109/3312/files/3910-ROSE-PINK-1192-1-scaled.jpg?v=1743288941,Off-shoulder,Ball gown,Cinched,Sleeveless
https://cdn.shopify.com/s/files/1/1109/3312/files/4008BLACK.jpg?v=1706769842,Halter Neck,Jumpsuit,Cinched,Sleeveless
https://cdn.shopify.com/s/files/1/1109/3312/files/4052AZURE_1.jpg?v=1706731970,Halter Neck,Fit-and-flare,Low-waist,Sleeveless
https://cdn.shopify.com/s/files/1/1109/3312/products/4127-BLACK-scaled.jpg?v=1708270101,Halter Neck,Fit-and-flare,Low-waist,Long
https://cdn.shopify.com/s/files/1/1109/3312/products/portia-and-scarlett-strapless-long-prom-dress-21208-the-dress-outlet-18.jpg?v=1742855877,Halter Neck,Ball gown,Low-waist,Long
https://cdn.shopify.com/s/files/1/1109/3312/files/PS23601-COBALT-_249.jpg.large.jpg?v=1743220366,Halter Neck,Ball gown,Low-waist,Sleeveless
https://cdn.shopify.com/s/files/1/1109/3312/products/PS23680PURPLE_1024x1024_be521ae4-2925-402c-990c-198a354e2758.jpg?v=1743203965,Off-shoulder,Ball gown,Cinched,3/4 Sleeves
https://cdn.shopify.com/s/files/1/1109/3312/files/PS23683EMERALD-COBALT.jpg?v=1743290998,Halter Neck,Ball gown,Cinched,Sleeveless
https://cdn.shopify.com/s/files/1/1109/3312/files/PS23721CHOTPINKPURPLE-1.jpg?v=1743039526,Halter Neck,Ball gown,Cinched,Unknown
https://cdn.shopify.com/s/files/1/1109/3312/files/PS23824_YELLOW.jpg?v=1743291348,Halter Neck,Ball gown,High Waist,Sleeveless
https://cdn.shopify.com/s/files/1/1109/3312/products/PS24038_20CELESTE_20BLUE.jpg?v=1702027164,Halter Neck,Ball gown,Cinched,Sleeveless
https://cdn.shopify.com/s/files/1/1109/3312/files/PS24051XHOTPINKfront.jpg?v=1743091137,Halter Neck,Ball gown,Low-waist,Sleeveless
https://cdn.shopify.com/s/files/1/1109/3312/files/PS24052XRED.jpg?v=1743220130,Off-shoulder,Ball gown,Low-waist,Long
https://cdn.shopify.com/s/files/1/1109/3312/files/PS24053XEMERALD.jpg?v=1706533518,Halter Neck,Ball gown,Low-waist,Long
https://cdn.shopify.com/s/files/1/1109/3312/files/PS24080XBLACK.jpg?v=1703006936,Off-shoulder,Fit-and-flare,Low-waist,Long
https://cdn.shopify.com/s/files/1/1109/3312/products/PS24100_20COBALT.jpg?v=1743081235,Halter Neck,Ball gown,Cinched,Sleeveless
https://cdn.shopify.com/s/files/1/1109/3312/products/PS24139_20PINK.jpg?v=1743290330,Off-shoulder,Ball gown,High Waist,Bishop
https://cdn.shopify.com/s/files/1/1109/3312/products/PS24148-NAVY-AB.jpg.large.jpg?v=1743206199,Halter Neck,Jumpsuit,Cinched,3/4 Sleeves
https://cdn.shopify.com/s/files/1/1109/3312/products/PS24315_20SIL_8b23d00e-b330-472a-81f0-f62583aa8c26.jpg?v=1703066228,Off-shoulder,Ball gown,Low-waist,Sleeveless
https://cdn.shopify.com/s/files/1/1109/3312/files/PS24512CHAMPAGNE-BLUE.jpg?v=1702137115,Halter Neck,Ball gown,High Waist,3/4 Sleeves
https://cdn.shopify.com/s/files/1/1109/3312/files/PS24522CHAMPAIGNE.jpg?v=1701939806,Halter Neck,Ball gown,Cinched,Sleeveless
https://cdn.shopify.com/s/files/1/1109/3312/files/PS24613_PINK_1.jpg?v=1743146917,Off-shoulder,Ball gown,Cinched,Kimono
https://cdn.shopify.com/s/files/1/1109/3312/files/PS24675LIGHTPINK-1.jpg?v=1702094659,Off-shoulder,Ball gown,Low-waist,Unknown
https://cdn.shopify.com/s/files/1/1109/3312/files/PS24678EMERALD_a6d86e0d-66a2-4ca6-b340-ad1f1ffe67c8.jpg?v=1743290974,Halter Neck,Ball gown,Low-waist,Sleeveless
https://cdn.shopify.com/s/files/1/1109/3312/files/PS24682PINK-1.jpg?v=1743089600,Off-shoulder,Ball gown,Low-waist,Long
https://cdn.shopify.com/s/files/1/1109/3312/files/PS24684YELLOW.jpg?v=1743290185,Halter Neck,Ball gown,Low-waist,Long
https://cdn.shopify.com/s/files/1/1109/3312/files/PS24690HOTPINK.jpg?v=1743041348,Unknown,Ball gown,High Waist,Long
https://cdn.shopify.com/s/files/1/1109/3312/files/PS24694DUSTYROSE_1.jpg?v=1743206101,Halter Neck,Ball gown,Cinched,3/4 Sleeves
https://cdn.shopify.com/s/files/1/1109/3312/files/LILIANA-black.jpg.large.jpg?v=1743290858,Halter Neck,Ball gown,Cinched,Sleeveless
https://cdn.shopify.com/s/files/1/1109/3312/products/HUGO-GOWN-YELLOW-BLUE-HOT-PINK-1.jpg.large.jpg?v=1743219023,Halter Neck,Ball gown,Cinched,3/4 Sleeves
https://cdn.shopify.com/s/files/1/1109/3312/products/70506-03-S.jpg?v=1743291322,Halter Neck,Jumpsuit,Cinched,Kimono
https://cdn.shopify.com/s/files/1/1109/3312/products/70526-burgundy-02.jpg?v=1702573841,Off-shoulder,Ball gown,Low-waist,Long
https://cdn.shopify.com/s/files/1/1109/3312/products/randm-richards-draped-sleeve-short-dress-7441-the-dress-outlet-1.jpg?v=1742856763,Halter Neck,Fit-and-flare,Asymmetrical,3/4 Sleeves
https://cdn.shopify.com/s/files/1/1109/3312/products/terani-couture-short-one-shoulder-beaded-dress-2021c2625-the-dress-outlet-1.jpg?v=1665843546,Halter Neck,Ball gown,High Waist,Long
https://cdn.shopify.com/s/files/1/1109/3312/files/232m1560_5.jpg?v=1738365215,Halter Neck,Ball gown,Cinched,Long
https://cdn.shopify.com/s/files/1/1109/3312/files/bsj18371lq_antique_pink_front_2.jpg?v=1724417854,Halter Neck,Ball gown,Cinched,Sleeveless
https://cdn.shopify.com/s/files/1/1109/3312/files/YV21070LQ_PETAL_3.jpg?v=1724508861,Off-shoulder,Ball gown,Cinched,3/4 Sleeves
https://cdn.shopify.com/s/files/1/1109/3312/files/TK554_20Magenta.jpg?v=1740874293,Off-shoulder,Ball gown,Low-waist,Long
